year,age,births,women
1933,12,47,1237992
1933,13,532,1216487
1933,14,2121,1197058
1933,15,7945,1182136
1933,16,21998,1173011
1933,17,44931,1168280
1933,18,76672,1164102
1933,19,101004,1158502
1933,20,116659,1150966
1933,21,121380,1140891
1933,22,128077,1128568
1933,23,131426,1115221
1933,24,126385,1101246
1933,25,123613,1085513
1933,26,116037,1067248
1933,27,105952,1047144
1933,28,105564,1026540
1933,29,91491,1006096
1933,30,88836,986088
1933,31,67102,966776
1933,32,74073,948039
1933,33,70737,929038
1933,34,54746,910424
1933,35,53854,896155
1933,36,48169,889405
1933,37,42181,888491
1933,38,42304,889695
1933,39,33137,889793
1933,40,27195,883395
1933,41,17031,866012
1933,42,15764,839716
1933,43,10395,810069
1933,44,6307,780283
1933,45,3956,752577
1933,46,1785,728736
1933,47,898,707847
1933,48,555,687337
1933,49,248,666256
1933,50,57,645113
1933,51,17,624381
1933,52,17,604184
1933,53,19,584527
1933,54,14,565069
1933,55,0,544856
1934,12,19,1245487
1934,13,499,1235983
1934,14,2407,1215400
1934,15,8551,1196378
1934,16,23525,1181440
1934,17,47615,1172126
1934,18,81196,1167072
1934,19,106433,1162537
1934,20,124319,1156606
1934,21,129751,1148605
1934,22,134341,1137802
1934,23,135327,1124537
1934,24,135536,1110204
1934,25,126338,1095198
1934,26,122962,1078706
1934,27,111203,1060377
1934,28,109866,1040938
1934,29,96847,1021282
1934,30,93469,1001804
1934,31,71133,982651
1934,32,72688,963863
1934,33,66103,945233
1934,34,67126,926144
1934,35,51513,907504
1934,36,48236,893026
1934,37,41357,885604
1934,38,42139,883561
1934,39,33153,883483
1934,40,26682,882203
1934,41,17174,874700
1934,42,16065,857032
1934,43,10266,831313
1934,44,6334,802536
1934,45,3796,773706
1934,46,1807,746691
1934,47,884,722851
1934,48,608,701213
1934,49,254,679703
1934,50,74,657640
1934,51,15,635655
1934,52,12,614479
1934,53,5,594265
1934,54,6,574774
1934,55,0,555459
1935,12,29,1237112
1935,13,548,1243973
1935,14,2584,1234056
1935,15,9378,1214443
1935,16,24466,1195884
1935,17,48510,1180926
1935,18,81449,1171398
1935,19,107126,1166019
1935,20,125239,1161119
1935,21,131887,1154735
1935,22,136551,1146089
1935,23,136367,1134334
1935,24,131902,1119889
1935,25,128713,1104257
1935,26,118988,1088047
1935,27,112513,1070877
1935,28,109604,1052782
1935,29,95945,1034335
1935,30,93588,1015932
1935,31,71683,997677
1935,32,72367,979496
1935,33,60959,961193
1935,34,59724,942605
1935,35,59965,923474
1935,36,44535,904748
1935,37,39416,889849
1935,38,39498,881405
1935,39,31361,877884
1935,40,25725,876099
1935,41,16230,873153
1935,42,15253,864575
1935,43,9861,846919
1935,44,5925,822069
1935,45,3678,794530
1935,46,1702,766852
1935,47,909,740489
1935,48,507,716376
1935,49,263,693724
1935,50,79,670981
1935,51,22,647758
1935,52,22,624944
1935,53,21,603448
1935,54,13,583354
1935,55,0,564105
1936,12,52,1225910
1936,13,448,1236864
1936,14,2445,1242057
1936,15,9018,1231680
1936,16,25375,1213049
1936,17,47785,1194936
1936,18,81490,1179973
1936,19,106138,1170277
1936,20,124380,1164589
1936,21,134188,1159290
1936,22,137374,1152493
1936,23,138830,1143275
1936,24,133690,1130633
1936,25,128194,1115023
1936,26,122404,1098122
1936,27,110135,1080722
1936,28,110180,1062881
1936,29,96140,1045031
1936,30,92729,1027559
1936,31,72007,1010400
1936,32,72308,993347
1936,33,62131,976070
1936,34,55424,958167
1936,35,52517,939624
1936,36,51852,920443
1936,37,36111,901653
1936,38,36856,886365
1936,39,29143,876955
1936,40,24143,871970
1936,41,15373,868474
1936,42,14165,863839
1936,43,9267,854168
1936,44,5684,836462
1936,45,3403,812474
1936,46,1725,786108
1936,47,787,759566
1936,48,493,733824
1936,49,243,709427
1936,50,81,685777
1936,51,21,661800
1936,52,27,637466
1936,53,16,613862
1936,54,16,592088
1936,55,3,572106
1937,12,71,1211613
1937,13,511,1225860
1937,14,2565,1236619
1937,15,9541,1240100
1937,16,26942,1229279
1937,17,53901,1211605
1937,18,84585,1193947
1937,19,110696,1179018
1937,20,128054,1169163
1937,21,136934,1163131
1937,22,143235,1157470
1937,23,145803,1150331
1937,24,139417,1140599
1937,25,132191,1127080
1937,26,124718,1110329
1937,27,116839,1092166
1937,28,110398,1073583
1937,29,100439,1055083
1937,30,94426,1037466
1937,31,75003,1020957
1937,32,73799,1005016
1937,33,62914,989088
1937,34,56796,972618
1937,35,49716,955106
1937,36,46372,936595
1937,37,43286,917380
1937,38,34178,898551
1937,39,28202,882917
1937,40,22772,872543
1937,41,15078,866082
1937,42,13448,860851
1937,43,8639,854515
1937,44,5349,843698
1937,45,3228,825945
1937,46,1644,802752
1937,47,828,777535
1937,48,420,752084
1937,49,211,726927
1937,50,77,702236
1937,51,30,677572
1937,52,38,652405
1937,53,23,627000
1937,54,12,602653
1937,55,4,580598
1938,12,81,1194439
1938,13,506,1212078
1938,14,2705,1226441
1938,15,9514,1236959
1938,16,27539,1238747
1938,17,56234,1227450
1938,18,92092,1210733
1938,19,113175,1193562
1938,20,134297,1178668
1938,21,141239,1168613
1938,22,147422,1162269
1938,23,151591,1156311
1938,24,146915,1148882
1938,25,139411,1138641
1938,26,130854,1124255
1938,27,120439,1106360
1938,28,118938,1086936
1938,29,102411,1067172
1938,30,99449,1048004
1938,31,78109,1030603
1938,32,76591,1015027
1938,33,64850,1000219
1938,34,58967,985309
1938,35,51451,969625
1938,36,44500,952479
1938,37,39915,934002
1938,38,40336,914769
1938,39,26676,895932
1938,40,22692,879940
1938,41,14554,868578
1938,42,13307,860610
1938,43,8688,853627
1938,44,5192,845539
1938,45,3179,833585
1938,46,1523,815720
1938,47,772,793294
1938,48,476,769168
1938,49,200,744749
1938,50,80,720138
1938,51,33,695111
1938,52,41,669455
1938,53,12,643123
1938,54,8,616689
1938,55,1,591600
1939,12,1,1178045
1939,13,180,1196159
1939,14,3176,1213615
1939,15,11078,1227416
1939,16,29311,1237565
1939,17,56771,1237384
1939,18,86171,1225856
1939,19,112665,1210023
1939,20,132803,1193195
1939,21,140810,1178448
1939,22,142019,1168338
1939,23,142457,1161802
1939,24,147138,1155636
1939,25,144744,1148312
1939,26,131500,1137473
1939,27,120025,1122173
1939,28,111456,1103152
1939,29,105870,1082498
1939,30,95739,1061335
1939,31,82770,1041640
1939,32,73628,1024561
1939,33,67135,1009886
1939,34,62010,996097
1939,35,54852,982526
1939,36,46598,967467
1939,37,39339,950554
1939,38,32705,932049
1939,39,26532,912794
1939,40,21127,893712
1939,41,15960,877366
1939,42,11130,865024
1939,43,7276,855597
1939,44,4512,846896
1939,45,2729,836911
1939,46,1614,823846
1939,47,880,805898
1939,48,451,784177
1939,49,222,761038
1939,50,113,737222
1939,51,54,713014
1939,52,21,687610
1939,53,8,661028
1939,54,3,633680
1939,55,4,606555
1940,12,1,1159800
1940,13,176,1182272
1940,14,3086,1201486
1940,15,10868,1214961
1940,16,29037,1227754
1940,17,57087,1236549
1940,18,87970,1234088
1940,19,116331,1222799
1940,20,138819,1206642
1940,21,147838,1191036
1940,22,149164,1177071
1940,23,149518,1167348
1940,24,154437,1160878
1940,25,152164,1156981
1940,26,138280,1148673
1940,27,126511,1136876
1940,28,117857,1120592
1940,29,112227,1100588
1940,30,101629,1077444
1940,31,87900,1055942
1940,32,77680,1036459
1940,33,69999,1020149
1940,34,63743,1006404
1940,35,55504,995583
1940,36,46556,982071
1940,37,39323,966917
1940,38,32993,949667
1940,39,27109,930847
1940,40,21831,910569
1940,41,16491,891917
1940,42,11271,875414
1940,43,7147,862368
1940,44,4285,851821
1940,45,2570,841249
1940,46,1490,829845
1940,47,776,815920
1940,48,377,797920
1940,49,177,776690
1940,50,97,751827
1940,51,49,728475
1940,52,21,704297
1940,53,8,678435
1940,54,2,651194
1940,55,0,624064
1941,12,1,1141282
1941,13,184,1168306
1941,14,3253,1192536
1941,15,11438,1205066
1941,16,30298,1214490
1941,17,59406,1225370
1941,18,92220,1231494
1941,19,123812,1227977
1941,20,150143,1213358
1941,21,161392,1200602
1941,22,163525,1186933
1941,23,163412,1174408
1941,24,167370,1165437
1941,25,164150,1165363
1941,26,148465,1158840
1941,27,135303,1149135
1941,28,125833,1136219
1941,29,119700,1119181
1941,30,107695,1094185
1941,31,92629,1072024
1941,32,81402,1051230
1941,33,72912,1032836
1941,34,66025,1017525
1941,35,57484,1009717
1941,36,48082,997601
1941,37,40407,983209
1941,38,33698,967064
1941,39,27485,948983
1941,40,21791,927304
1941,41,16310,908622
1941,42,11104,890640
1941,43,7018,874354
1941,44,4193,861088
1941,45,2545,850556
1941,46,1443,838480
1941,47,707,826078
1941,48,318,811431
1941,49,138,793157
1941,50,73,766107
1941,51,38,741217
1941,52,17,717767
1941,53,7,693305
1941,54,2,667147
1941,55,0,640750
1942,12,2,1123843
1942,13,191,1152974
1942,14,3379,1181133
1942,15,12076,1198366
1942,16,31999,1204226
1942,17,62859,1211014
1942,18,98809,1219286
1942,19,136108,1223440
1942,20,169286,1212876
1942,21,185522,1204714
1942,22,190345,1194457
1942,23,190645,1183066
1942,24,193318,1172193
1942,25,187724,1173766
1942,26,168431,1168162
1942,27,152478,1159837
1942,28,141176,1148741
1942,29,134118,1134924
1942,30,119923,1109259
1942,31,102469,1087284
1942,32,89488,1066111
1942,33,79633,1046519
1942,34,71592,1029381
1942,35,62171,1023028
1942,36,51799,1012695
1942,37,43167,999385
1942,38,35575,983754
1942,39,28633,966423
1942,40,22439,942800
1942,41,16598,923932
1942,42,11083,906449
1942,43,6845,889287
1942,44,3998,873416
1942,45,2376,863518
1942,46,1361,850746
1942,47,704,837694
1942,48,343,824359
1942,49,162,808905
1942,50,90,781999
1942,51,48,754452
1942,52,21,729536
1942,53,8,705817
1942,54,2,681098
1942,55,0,655259
1943,12,2,1102702
1943,13,201,1135845
1943,14,3540,1165503
1943,15,12556,1187172
1943,16,32956,1195826
1943,17,63905,1199992
1943,18,99140,1204259
1943,19,135533,1209989
1943,20,167950,1205048
1943,21,184469,1204507
1943,22,190033,1198941
1943,23,191946,1191265
1943,24,197077,1182261
1943,25,193713,1184250
1943,26,175126,1176453
1943,27,160236,1168604
1943,28,150112,1158651
1943,29,144353,1146371
1943,30,130427,1121062
1943,31,112631,1100932
1943,32,99205,1080395
1943,33,88816,1060288
1943,34,80135,1041934
1943,35,69873,1035622
1943,36,58423,1026043
1943,37,48767,1014631
1943,38,40105,1000208
1943,39,32092,983407
1943,40,25155,958226
1943,41,18418,937899
1943,42,11916,920350
1943,43,7067,904026
1943,44,3954,887644
1943,45,2358,877630
1943,46,1352,864638
1943,47,669,850660
1943,48,307,836627
1943,49,133,822366
1943,50,59,797379
1943,51,34,769504
1943,52,23,742239
1943,53,19,717310
1943,54,17,693329
1943,55,55,668474
1944,12,2,1074109
1944,13,193,1111644
1944,14,3376,1145531
1944,15,11593,1169119
1944,16,29570,1181644
1944,17,56073,1189383
1944,18,85909,1191934
1944,19,118393,1193745
1944,20,150470,1190263
1944,21,170085,1199242
1944,22,179086,1201394
1944,23,182396,1198534
1944,24,186087,1193571
1944,25,180940,1197436
1944,26,162277,1186025
1944,27,148388,1175538
1944,28,140518,1165606
1944,29,137938,1154222
1944,30,127207,1129445
1944,31,111708,1112419
1944,32,100000,1094483
1944,33,90800,1075406
1944,34,82850,1056358
1944,35,73043,1049312
1944,36,61715,1039385
1944,37,51888,1028846
1944,38,42854,1016407
1944,39,34299,1000916
1944,40,26799,975059
1944,41,19508,952694
1944,42,12492,933465
1944,43,7322,917140
1944,44,4047,901898
1944,45,2388,892025
1944,46,1344,878428
1944,47,646,864080
1944,48,286,848918
1944,49,119,833933
1944,50,52,810538
1944,51,30,784296
1944,52,20,756778
1944,53,17,729787
1944,54,16,704832
1944,55,53,681343
1945,12,2,1053036
1945,13,193,1079553
1945,14,3387,1117983
1945,15,11272,1146567
1945,16,28282,1160466
1945,17,52955,1172171
1945,18,80205,1178889
1945,19,108931,1179878
1945,20,136882,1175728
1945,21,154242,1190694
1945,22,163398,1202168
1945,23,168632,1207137
1945,24,175531,1207043
1945,25,174144,1213175
1945,26,158193,1199957
1945,27,146215,1185698
1945,28,139837,1172506
1945,29,138717,1160518
1945,30,129583,1136531
1945,31,115458,1122771
1945,32,104610,1108306
1945,33,95871,1092488
1945,34,87943,1074775
1945,35,77945,1066722
1945,36,66100,1054751
1945,37,55456,1043842
1945,38,45549,1032299
1945,39,36238,1018766
1945,40,27966,993617
1945,41,20303,969367
1945,42,13188,947738
1945,43,7920,929439
1945,44,4513,914211
1945,45,2745,904862
1945,46,1574,891376
1945,47,765,876499
1945,48,341,860826
1945,49,142,844531
1945,50,61,821681
1945,51,35,797314
1945,52,24,771415
1945,53,21,744223
1945,54,20,717469
1945,55,67,694272
1946,12,2,1028381
1946,13,220,1057560
1946,14,3249,1084212
1946,15,9242,1118350
1946,16,26085,1136810
1946,17,52009,1149859
1946,18,95998,1160319
1946,19,139922,1166363
1946,20,175641,1166951
1946,21,204673,1183628
1946,22,218258,1200445
1946,23,228917,1214492
1946,24,226650,1222253
1946,25,219722,1231035
1946,26,206854,1217355
1946,27,178842,1201387
1946,28,176388,1184161
1946,29,157199,1168187
1946,30,147693,1143828
1946,31,127176,1133743
1946,32,119780,1122626
1946,33,104198,1110621
1946,34,91872,1096810
1946,35,81461,1089725
1946,36,70733,1073989
1946,37,56127,1060510
1946,38,50681,1048536
1946,39,38212,1035890
1946,40,28271,1012620
1946,41,18436,987171
1946,42,14520,963478
1946,43,8998,942420
1946,44,5017,924907
1946,45,2877,914207
1946,46,1547,901699
1946,47,530,887207
1946,48,306,871089
1946,49,168,854164
1946,50,51,831479
1946,51,19,808349
1946,52,24,784475
1946,53,23,758874
1946,54,14,731962
1946,55,64,707876
1947,12,3,1053779
1947,13,267,1032593
1947,14,4194,1060203
1947,15,12461,1083658
1947,16,34551,1110445
1947,17,74089,1129043
1947,18,125373,1140723
1947,19,180334,1150965
1947,20,217672,1159285
1947,21,238640,1178247
1947,22,252507,1196076
1947,23,260957,1214753
1947,24,249440,1231374
1947,25,242564,1246161
1947,26,232227,1234774
1947,27,209513,1218647
1947,28,186174,1199955
1947,29,172258,1179839
1947,30,155625,1153036
1947,31,132076,1144591
1947,32,124995,1137330
1947,33,108944,1128870
1947,34,96091,1119303
1947,35,82747,1115372
1947,36,72117,1098572
1947,37,60601,1080491
1947,38,50439,1065449
1947,39,39888,1052380
1947,40,29360,1030945
1947,41,18914,1004875
1947,42,15057,980038
1947,43,9144,956804
1947,44,5171,936221
1947,45,2776,921607
1947,46,1436,908117
1947,47,748,894980
1947,48,260,879522
1947,49,130,862239
1947,50,43,840710
1947,51,23,818708
1947,52,25,796204
1947,53,14,772742
1947,54,30,747368
1947,55,63,723090
1948,12,3,1054697
1948,13,299,1056592
1948,14,4592,1032832
1948,15,13513,1057638
1948,16,37613,1077877
1948,17,77310,1106432
1948,18,129919,1124753
1948,19,174508,1136397
1948,20,210345,1148417
1948,21,228810,1171662
1948,22,235784,1191342
1948,23,246521,1210351
1948,24,240912,1230945
1948,25,224966,1252596
1948,26,215524,1250025
1948,27,200522,1236729
1948,28,185842,1218182
1948,29,156160,1196840
1948,30,149111,1168681
1948,31,123459,1155926
1948,32,115624,1150104
1948,33,101682,1145670
1948,34,91853,1139829
1948,35,78815,1138266
1948,36,66877,1125647
1948,37,56860,1106234
1948,38,50381,1085724
1948,39,37111,1069072
1948,40,28443,1049139
1948,41,18418,1022074
1948,42,14480,996742
1948,43,8728,972397
1948,44,4856,949523
1948,45,2704,930541
1948,46,1254,913213
1948,47,606,899275
1948,48,376,885517
1948,49,124,869139
1948,50,38,849078
1948,51,22,829941
1948,52,19,808398
1948,53,14,786392
1948,54,23,763226
1948,55,46,739751
1949,12,3,1065851
1949,13,295,1056216
1949,14,4728,1057062
1949,15,13765,1029682
1949,16,38326,1049994
1949,17,77080,1073730
1949,18,127427,1103612
1949,19,177325,1121547
1949,20,204749,1136014
1949,21,227988,1161252
1949,22,237434,1183272
1949,23,243617,1206276
1949,24,243422,1224881
1949,25,232026,1247160
1949,26,214878,1259636
1949,27,201906,1256021
1949,28,191590,1235425
1949,29,168917,1219345
1949,30,147259,1193479
1949,31,127717,1171042
1949,32,115336,1159052
1949,33,100928,1158668
1949,34,91311,1156297
1949,35,79939,1154459
1949,36,67427,1149106
1949,37,55904,1133891
1949,38,49808,1112076
1949,39,38758,1088128
1949,40,28109,1066068
1949,41,18437,1039416
1949,42,14211,1013654
1949,43,8734,988661
1949,44,4962,964689
1949,45,2697,943356
1949,46,1269,920333
1949,47,592,903406
1949,48,315,889499
1949,49,189,872608
1949,50,79,856710
1949,51,41,841447
1949,52,19,821588
1949,53,8,799372
1949,54,2,778143
1949,55,0,755964
1950,12,3,1101863
1950,13,295,1067352
1950,14,4731,1058635
1950,15,14214,1051532
1950,16,37921,1023959
1950,17,75004,1045727
1950,18,123152,1069923
1950,19,169901,1097623
1950,20,203586,1121934
1950,21,218265,1148137
1950,22,233174,1163992
1950,23,241957,1201453
1950,24,236026,1215648
1950,25,234659,1228647
1950,26,219782,1260746
1950,27,201010,1273091
1950,28,193156,1236622
1950,29,174897,1242899
1950,30,158233,1227382
1950,31,126572,1191680
1950,32,119961,1164415
1950,33,101862,1171473
1950,34,92130,1169783
1950,35,80671,1162732
1950,36,68837,1164857
1950,37,56892,1155395
1950,38,49110,1139299
1950,39,38390,1109420
1950,40,29099,1078226
1950,41,17914,1056752
1950,42,14552,1033205
1950,43,8606,1006854
1950,44,4750,982257
1950,45,2606,962809
1950,46,1172,932260
1950,47,514,913892
1950,48,258,899425
1950,49,155,870098
1950,50,68,863775
1950,51,36,854033
1950,52,18,833460
1950,53,8,807840
1950,54,2,788351
1950,55,0,769725
1951,12,3,1121082
1951,13,298,1102482
1951,14,4792,1070922
1951,15,14901,1047444
1951,16,40771,1055756
1951,17,78646,1023900
1951,18,129488,1043292
1951,19,180689,1062920
1951,20,214573,1099346
1951,21,238444,1133734
1951,22,242424,1140077
1951,23,254699,1187399
1951,24,250509,1205321
1951,25,241242,1205774
1951,26,234563,1249902
1951,27,215444,1281988
1951,28,200417,1227043
1951,29,182214,1248986
1951,30,167847,1261145
1951,31,143365,1221753
1951,32,122946,1173964
1951,33,109019,1184678
1951,34,94955,1185639
1951,35,83409,1169091
1951,36,72103,1172633
1951,37,59758,1168598
1951,38,50825,1158139
1951,39,39231,1129636
1951,40,30032,1089581
1951,41,19842,1070750
1951,42,14438,1053793
1951,43,8947,1029062
1951,44,5075,1003223
1951,45,2594,987058
1951,46,1272,952492
1951,47,517,932244
1951,48,266,919690
1951,49,118,873146
1951,50,82,866425
1951,51,51,865909
1951,52,25,845224
1951,53,11,812534
1951,54,3,792351
1951,55,0,779829
1952,12,3,1145336
1952,13,296,1120062
1952,14,4738,1107378
1952,15,14171,1056885
1952,16,40233,1055780
1952,17,80119,1058648
1952,18,127188,1023312
1952,19,176866,1036381
1952,20,213953,1065741
1952,21,238253,1111100
1952,22,252096,1122557
1952,23,254577,1164772
1952,24,254603,1189168
1952,25,245938,1191204
1952,26,237436,1230517
1952,27,225275,1273410
1952,28,208955,1227847
1952,29,187748,1239222
1952,30,175917,1269554
1952,31,151438,1255928
1952,32,138346,1200445
1952,33,112595,1197764
1952,34,101749,1200199
1952,35,85496,1181791
1952,36,73954,1178754
1952,37,63589,1176524
1952,38,53733,1166793
1952,39,41953,1145476
1952,40,30389,1108044
1952,41,20050,1083343
1952,42,15887,1067642
1952,43,9071,1051138
1952,44,5194,1027239
1952,45,2733,1009929
1952,46,1304,977639
1952,47,529,954915
1952,48,274,941840
1952,49,168,891831
1952,50,85,870182
1952,51,47,868808
1952,52,23,856524
1952,53,10,822148
1952,54,3,795925
1952,55,0,785149
1953,12,4,1203027
1953,13,315,1142926
1953,14,5003,1126886
1953,15,14928,1093444
1953,16,41146,1062084
1953,17,82652,1059013
1953,18,136513,1058617
1953,19,181124,1015492
1953,20,216207,1039516
1953,21,238705,1077023
1953,22,250229,1101644
1953,23,265472,1145238
1953,24,251215,1166053
1953,25,248864,1176357
1953,26,237134,1216087
1953,27,222941,1252085
1953,28,210956,1224893
1953,29,192054,1236760
1953,30,174663,1257095
1953,31,151032,1266934
1953,32,142353,1235647
1953,33,122160,1223918
1953,34,101616,1212517
1953,35,90232,1195044
1953,36,75296,1191360
1953,37,63808,1184631
1953,38,54910,1169654
1953,39,42203,1154392
1953,40,31714,1128319
1953,41,20706,1102447
1953,42,15761,1077873
1953,43,10027,1065541
1953,44,5171,1050218
1953,45,2673,1032251
1953,46,1269,1000910
1953,47,577,978980
1953,48,238,963333
1953,49,100,915756
1953,50,71,886381
1953,51,45,870181
1953,52,23,859597
1953,53,11,835353
1953,54,3,807026
1953,55,0,790451
1954,12,4,1285244
1954,13,368,1199136
1954,14,5692,1151944
1954,15,16290,1113430
1954,16,44444,1095670
1954,17,84550,1065862
1954,18,138208,1059782
1954,19,194921,1049870
1954,20,220920,1019176
1954,21,246169,1050713
1954,22,258164,1069607
1954,23,267662,1122536
1954,24,265592,1146213
1954,25,248047,1154762
1954,26,239399,1201443
1954,27,227295,1235969
1954,28,211113,1209907
1954,29,197448,1230819
1954,30,182365,1252340
1954,31,153655,1257478
1954,32,145132,1248462
1954,33,128183,1259239
1954,34,112289,1238335
1954,35,90871,1206387
1954,36,80636,1204851
1954,37,65433,1199654
1954,38,56219,1172970
1954,39,44315,1157974
1954,40,32977,1142328
1954,41,22051,1123854
1954,42,16364,1095001
1954,43,9943,1076759
1954,44,5528,1065937
1954,45,2677,1053834
1954,46,1329,1024019
1954,47,567,1001453
1954,48,252,986545
1954,49,128,939568
1954,50,77,908162
1954,51,45,884439
1954,52,23,861578
1954,53,10,840923
1954,54,3,822075
1954,55,0,803659
1955,12,4,1426619
1955,13,348,1279938
1955,14,5537,1211018
1955,15,16849,1139205
1955,16,44933,1112779
1955,17,88083,1100278
1955,18,138396,1067729
1955,19,196298,1050774
1955,20,234562,1054632
1955,21,248902,1030628
1955,22,259942,1045546
1955,23,268210,1088906
1955,24,263505,1123589
1955,25,255827,1136776
1955,26,235090,1180339
1955,27,224526,1220256
1955,28,212436,1200408
1955,29,192465,1213380
1955,30,181836,1244637
1955,31,155803,1256136
1955,32,143568,1241556
1955,33,127430,1272051
1955,34,114327,1273654
1955,35,98186,1231327
1955,36,78167,1216578
1955,37,68118,1215731
1955,38,56382,1183136
1955,39,44781,1162105
1955,40,33484,1151224
1955,41,22204,1139098
1955,42,16489,1114433
1955,43,9987,1094994
1955,44,5506,1078619
1955,45,2936,1068202
1955,46,1189,1046632
1955,47,541,1023931
1955,48,241,1008282
1955,49,117,965332
1955,50,45,929727
1955,51,25,904142
1955,52,13,876244
1955,53,6,845302
1955,54,2,829429
1955,55,0,820756
1956,12,4,1376136
1956,13,394,1419498
1956,14,5963,1295098
1956,15,17805,1198643
1956,16,49285,1135486
1956,17,93625,1118051
1956,18,152382,1102928
1956,19,207763,1057816
1956,20,245731,1056177
1956,21,270888,1066666
1956,22,268384,1027368
1956,23,273966,1063449
1956,24,267591,1090111
1956,25,259188,1116082
1956,26,245643,1163042
1956,27,218958,1198216
1956,28,214993,1191374
1956,29,193517,1201688
1956,30,179949,1225510
1956,31,157689,1251891
1956,32,147750,1242612
1956,33,126991,1264778
1956,34,114222,1286176
1956,35,100609,1265642
1956,36,85007,1242004
1956,37,66782,1230054
1956,38,60561,1194260
1956,39,42498,1173039
1956,40,34149,1160761
1956,41,22563,1149261
1956,42,16882,1127686
1956,43,10419,1115547
1956,44,5797,1098303
1956,45,2878,1079347
1956,46,1349,1061916
1956,47,494,1045645
1956,48,218,1029704
1956,49,110,989576
1956,50,46,952921
1956,51,26,923370
1956,52,14,896265
1956,53,7,862194
1956,54,2,835597
1956,55,0,830065
1957,12,4,1363935
1957,13,387,1367730
1957,14,6574,1438464
1957,15,19261,1282334
1957,16,51889,1190906
1957,17,99695,1140832
1957,18,158428,1120809
1957,19,221355,1091156
1957,20,252303,1063286
1957,21,277185,1067840
1957,22,286653,1064376
1957,23,277632,1043338
1957,24,268653,1064226
1957,25,259806,1084027
1957,26,244851,1142360
1957,27,230844,1179515
1957,28,209756,1175632
1957,29,196410,1190075
1957,30,180174,1211718
1957,31,155938,1235661
1957,32,148892,1240244
1957,33,131625,1265137
1957,34,114741,1277961
1957,35,100982,1276989
1957,36,87276,1276624
1957,37,72919,1258141
1957,38,58060,1203389
1957,39,46337,1184763
1957,40,34342,1177004
1957,41,22917,1159819
1957,42,17239,1135560
1957,43,10558,1129621
1957,44,5820,1120052
1957,45,2934,1097167
1957,46,1331,1073699
1957,47,588,1059707
1957,48,212,1050042
1957,49,118,1013458
1957,50,45,974303
1957,51,25,943924
1957,52,13,915659
1957,53,7,884296
1957,54,2,854111
1957,55,0,838079
1958,12,4,1387492
1958,13,389,1354237
1958,14,6259,1387909
1958,15,19722,1424395
1958,16,51690,1269656
1958,17,100461,1196631
1958,18,159564,1144256
1958,19,223094,1107740
1958,20,260075,1096754
1958,21,274200,1074383
1958,22,283694,1066352
1958,23,286810,1078763
1958,24,263905,1043138
1958,25,251682,1058956
1958,26,237725,1109387
1958,27,223362,1156717
1958,28,209583,1162202
1958,29,187109,1171087
1958,30,176669,1197387
1958,31,152079,1224075
1958,32,141847,1225478
1958,33,127410,1261505
1958,34,113991,1276963
1958,35,97201,1267387
1958,36,84021,1287721
1958,37,72117,1295268
1958,38,61557,1225443
1958,39,43717,1194151
1958,40,34243,1193884
1958,41,22314,1176734
1958,42,16270,1143360
1958,43,10194,1137862
1958,44,5736,1134872
1958,45,2860,1116873
1958,46,1219,1092083
1958,47,604,1070196
1958,48,252,1062573
1958,49,92,1036304
1958,50,43,995221
1958,51,25,962484
1958,52,14,936249
1958,53,7,905737
1958,54,2,877718
1958,55,0,858531
1959,12,6,1780756
1959,13,382,1381405
1959,14,6392,1386121
1959,15,20141,1380571
1959,16,55242,1412203
1959,17,102499,1283122
1959,18,164792,1207323
1959,19,228680,1133305
1959,20,271043,1121182
1959,21,288780,1114180
1959,22,282701,1079823
1959,23,287844,1084775
1959,24,276584,1083908
1959,25,249075,1045188
1959,26,235306,1090193
1959,27,218361,1128379
1959,28,206512,1151156
1959,29,191018,1161240
1959,30,172798,1182935
1959,31,151519,1218577
1959,32,140483,1222068
1959,33,123708,1252146
1959,34,112692,1279076
1959,35,98757,1271803
1959,36,83198,1284442
1959,37,71194,1315126
1959,38,61689,1262931
1959,39,48476,1222970
1959,40,33536,1213910
1959,41,23328,1199271
1959,42,16605,1162401
1959,43,10233,1151022
1959,44,5971,1148626
1959,45,2938,1133802
1959,46,1299,1116223
1959,47,568,1090830
1959,48,258,1074709
1959,49,118,1054420
1959,50,33,1017744
1959,51,18,983039
1959,52,10,957952
1959,53,5,932134
1959,54,2,904549
1959,55,0,887449
1960,12,5,1723540
1960,13,461,1759213
1960,14,6313,1416238
1960,15,19600,1368620
1960,16,53688,1359379
1960,17,109120,1424662
1960,18,168762,1292561
1960,19,235796,1185217
1960,20,271342,1151670
1960,21,292350,1134340
1960,22,298098,1117065
1960,23,288596,1090734
1960,24,276526,1087660
1960,25,260572,1085141
1960,26,231358,1065399
1960,27,214114,1100939
1960,28,201336,1123599
1960,29,185436,1145183
1960,30,173130,1167705
1960,31,146352,1195165
1960,32,137940,1213749
1960,33,121400,1236499
1960,34,108900,1260738
1960,35,98162,1270656
1960,36,83686,1280315
1960,37,69474,1301342
1960,38,60644,1283509
1960,39,47942,1256916
1960,40,35556,1235673
1960,41,23090,1213822
1960,42,16876,1182886
1960,43,10434,1164375
1960,44,5608,1155059
1960,45,2920,1142648
1960,46,1268,1129958
1960,47,546,1109686
1960,48,208,1086910
1960,49,100,1062723
1960,50,65,1033069
1960,51,40,1001534
1960,52,22,977227
1960,53,10,957404
1960,54,3,935053
1960,55,0,914538
1961,12,5,1716116
1961,13,401,1700595
1961,14,7056,1811530
1961,15,19316,1396270
1961,16,53116,1350324
1961,17,105462,1375735
1961,18,180734,1438891
1961,19,243092,1266315
1961,20,280312,1217288
1961,21,295796,1163710
1961,22,298104,1140207
1961,23,296298,1124744
1961,24,274544,1099529
1961,25,257802,1094509
1961,26,238084,1094950
1961,27,209666,1072888
1961,28,195742,1102740
1961,29,180412,1122719
1961,30,167048,1155474
1961,31,150264,1169719
1961,32,132828,1195220
1961,33,120856,1217719
1961,34,106268,1242472
1961,35,95086,1259474
1961,36,83338,1274235
1961,37,70156,1286737
1961,38,59382,1290504
1961,39,47788,1281021
1961,40,36322,1260273
1961,41,24836,1234297
1961,42,16582,1206518
1961,43,10598,1182036
1961,44,5776,1163507
1961,45,2964,1150388
1961,46,1292,1138873
1961,47,496,1122344
1961,48,268,1099438
1961,49,98,1073299
1961,50,63,1047501
1961,51,39,1019182
1961,52,22,997481
1961,53,10,982986
1961,54,3,967468
1961,55,0,944816
1962,12,5,1724643
1962,13,433,1695451
1962,14,6902,1751580
1962,15,21510,1786818
1962,16,50644,1380398
1962,17,100682,1367897
1962,18,170716,1391058
1962,19,256746,1413264
1962,20,284990,1304500
1962,21,299416,1225279
1962,22,296034,1170187
1962,23,290230,1145449
1962,24,274308,1138542
1962,25,249724,1107237
1962,26,230342,1097497
1962,27,210578,1101500
1962,28,185288,1076602
1962,29,169154,1103727
1962,30,154966,1137974
1962,31,139654,1147970
1962,32,131094,1171968
1962,33,110814,1193464
1962,34,101854,1224223
1962,35,88980,1243977
1962,36,77608,1260476
1962,37,66558,1275236
1962,38,57058,1286742
1962,39,44504,1289508
1962,40,34630,1279277
1962,41,23872,1258283
1962,42,17626,1231538
1962,43,9870,1203766
1962,44,5492,1178281
1962,45,2830,1159222
1962,46,1308,1146277
1962,47,562,1131134
1962,48,190,1110170
1962,49,80,1086140
1962,50,50,1062630
1962,51,31,1036426
1962,52,18,1016260
1962,53,9,1004960
1962,54,3,994609
1962,55,0,975439
1963,12,5,1775299
1963,13,449,1707249
1963,14,7140,1743922
1963,15,21324,1729954
1963,16,58982,1767378
1963,17,100258,1397250
1963,18,163104,1383978
1963,19,242786,1372546
1963,20,300680,1453729
1963,21,303156,1307256
1963,22,296590,1230523
1963,23,286130,1173921
1963,24,267184,1162954
1963,25,249528,1143549
1963,26,222758,1108226
1963,27,203692,1105255
1963,28,186422,1105278
1963,29,161542,1077346
1963,30,148388,1125136
1963,31,131208,1124966
1963,32,125060,1150970
1963,33,110434,1169976
1963,34,95106,1202715
1963,35,86386,1224972
1963,36,73600,1244973
1963,37,63060,1261478
1963,38,55554,1274977
1963,39,43582,1285732
1963,40,32946,1287996
1963,41,22970,1277265
1963,42,17452,1255529
1963,43,10412,1228537
1963,44,5202,1199772
1963,45,2750,1173615
1963,46,1302,1154798
1963,47,520,1138961
1963,48,182,1120390
1963,49,94,1098765
1963,50,39,1077053
1963,51,22,1053284
1963,52,12,1034024
1963,53,6,1022476
1963,54,2,1014344
1963,55,0,1000630
1964,12,5,1814905
1964,13,471,1760511
1964,14,7340,1753325
1964,15,21326,1724662
1964,16,57844,1712029
1964,17,117050,1786878
1964,18,160604,1414740
1964,19,228886,1371666
1964,20,276730,1410352
1964,21,316596,1450675
1964,22,299592,1310723
1964,23,284272,1232521
1964,24,262296,1195357
1964,25,242506,1164690
1964,26,221736,1142288
1964,27,198790,1117190
1964,28,180654,1109255
1964,29,163676,1105779
1964,30,142798,1104364
1964,31,123318,1106230
1964,32,118106,1128470
1964,33,105134,1148222
1964,34,95650,1181478
1964,35,81162,1203224
1964,36,71398,1226219
1964,37,61528,1245981
1964,38,52432,1260987
1964,39,43294,1274233
1964,40,32934,1284238
1964,41,22114,1286245
1964,42,16496,1275022
1964,43,10422,1252278
1964,44,5660,1224294
1964,45,2602,1194767
1964,46,1242,1168794
1964,47,522,1147781
1964,48,222,1129559
1964,49,82,1110811
1964,50,0,1091216
1964,51,0,1069446
1964,52,0,1051425
1964,53,0,1038932
1964,54,0,1029478
1964,55,0,1018198
1965,12,5,1863813
1965,13,452,1803318
1965,14,7311,1805422
1965,15,21648,1736275
1965,16,56672,1707903
1965,17,110284,1729471
1965,18,186314,1810357
1965,19,215976,1407524
1965,20,247150,1407849
1965,21,274522,1401435
1965,22,296232,1451963
1965,23,272506,1310255
1965,24,246940,1258233
1965,25,225708,1193857
1965,26,202874,1161185
1965,27,186142,1153075
1965,28,164358,1121423
1965,29,146650,1109002
1965,30,134764,1139538
1965,31,111550,1079575
1965,32,105342,1110501
1965,33,93140,1124963
1965,34,84580,1162474
1965,35,76154,1182241
1965,36,63764,1204980
1965,37,55682,1227223
1965,38,48340,1245977
1965,39,38968,1260982
1965,40,30744,1273232
1965,41,20882,1283237
1965,42,15104,1284506
1965,43,9668,1271518
1965,44,5318,1247783
1965,45,2770,1219100
1965,46,1122,1189549
1965,47,460,1162044
1965,48,182,1139655
1965,49,80,1121760
1965,50,0,1104805
1965,51,0,1085364
1965,52,0,1068098
1965,53,0,1054997
1965,54,0,1043524
1965,55,0,1031209
1966,12,5,1910004
1966,13,474,1855985
1966,14,7648,1847031
1966,15,22322,1790453
1966,16,56634,1720559
1966,17,107748,1724293
1966,18,177192,1753138
1966,19,257530,1807348
1966,20,241742,1442139
1966,21,255384,1393023
1966,22,269672,1400689
1966,23,283032,1449151
1966,24,248160,1341005
1966,25,220006,1253741
1966,26,193040,1188121
1966,27,170840,1174185
1966,28,155002,1157588
1966,29,133898,1120925
1966,30,121660,1149540
1966,31,104752,1108047
1966,32,91518,1085276
1966,33,82462,1106719
1966,34,74150,1142216
1966,35,67104,1163476
1966,36,58676,1184229
1966,37,48880,1205966
1966,38,43380,1228214
1966,39,34486,1246986
1966,40,27346,1260978
1966,41,19256,1273231
1966,42,13952,1282238
1966,43,8888,1281496
1966,44,4998,1267266
1966,45,2628,1242875
1966,46,1118,1213717
1966,47,448,1183210
1966,48,202,1155372
1966,49,40,1133871
1966,50,0,1117528
1966,51,0,1100995
1966,52,0,1084815
1966,53,0,1070599
1966,54,0,1057403
1966,55,0,1043256
1967,12,5,1945726
1967,13,504,1905786
1967,14,8084,1898330
1967,15,22781,1834063
1967,16,58487,1775141
1967,17,106966,1735453
1967,18,168978,1748546
1967,19,239233,1756866
1967,20,285511,1848320
1967,21,247640,1420757
1967,22,251141,1391264
1967,23,262486,1396731
1967,24,263810,1487038
1967,25,225625,1332668
1967,26,195085,1245005
1967,27,167895,1202575
1967,28,147445,1178431
1967,29,131376,1156331
1967,30,112670,1167991
1967,31,97544,1111502
1967,32,87332,1115100
1967,33,74653,1080565
1967,34,67174,1126588
1967,35,59402,1143222
1967,36,52131,1165470
1967,37,46209,1185475
1967,38,38242,1207720
1967,39,31339,1229975
1967,40,24178,1247727
1967,41,17329,1261980
1967,42,12769,1273251
1967,43,8224,1279998
1967,44,4553,1277496
1967,45,2450,1262543
1967,46,1031,1237312
1967,47,453,1207778
1967,48,166,1178039
1967,49,58,1151740
1967,50,0,1131655
1967,51,0,1116076
1967,52,0,1101632
1967,53,0,1086574
1967,54,0,1071014
1967,55,0,1055285
1968,12,268,1980280
1968,13,1716,1945012
1968,14,7520,1946346
1968,15,24660,1887249
1968,16,59630,1819161
1968,17,108680,1788762
1968,18,167448,1760618
1968,19,230894,1759528
1968,20,267084,1794080
1968,21,299228,1813329
1968,22,247360,1417045
1968,23,244914,1385485
1968,24,248286,1437025
1968,25,246920,1473479
1968,26,204762,1320138
1968,27,175158,1260733
1968,28,149524,1206062
1968,29,127526,1175677
1968,30,112154,1210502
1968,31,92296,1122913
1968,32,82784,1119255
1968,33,70346,1108801
1968,34,62116,1102869
1968,35,54498,1127079
1968,36,47128,1144975
1968,37,40990,1166967
1968,38,35864,1187227
1968,39,27582,1209725
1968,40,21978,1230973
1968,41,15572,1249487
1968,42,11330,1262489
1968,43,7514,1270986
1968,44,4044,1276003
1968,45,2130,1272579
1968,46,962,1256580
1968,47,420,1231676
1968,48,206,1204044
1968,49,72,1176468
1968,50,0,1151366
1968,51,0,1132314
1968,52,0,1117566
1968,53,0,1102267
1968,54,0,1084677
1968,55,0,1066721
1969,12,350,2030388
1969,13,1606,1983545
1969,14,8512,1983898
1969,15,26602,1938075
1969,16,63110,1873839
1969,17,112058,1832800
1969,18,173086,1816554
1969,19,229798,1779273
1969,20,262390,1796032
1969,21,287914,1754622
1969,22,311660,1805959
1969,23,251584,1408809
1969,24,242900,1425436
1969,25,239090,1421204
1969,26,233284,1458367
1969,27,190556,1339310
1969,28,160890,1262731
1969,29,133494,1201073
1969,30,115008,1234907
1969,31,95936,1156827
1969,32,82124,1131129
1969,33,69206,1113014
1969,34,61398,1137021
1969,35,51664,1101374
1969,36,43322,1131617
1969,37,36772,1149725
1969,38,31706,1164960
1969,39,26286,1188223
1969,40,19732,1223002
1969,41,14058,1231955
1969,42,10182,1247967
1969,43,6638,1254700
1969,44,3892,1264461
1969,45,1906,1273853
1969,46,822,1264113
1969,47,388,1247724
1969,48,204,1232016
1969,49,78,1204087
1969,50,0,1189520
1969,51,0,1156995
1969,52,0,1130440
1969,53,0,1110352
1969,54,0,1093727
1969,55,0,1079137
1970,12,660,2045493
1970,13,1864,2038082
1970,14,9228,2021462
1970,15,29768,1978923
1970,16,71428,1927024
1970,17,122394,1888094
1970,18,182810,1862217
1970,19,238308,1842332
1970,20,264836,1813935
1970,21,284650,1752038
1970,22,301120,1747975
1970,23,318298,1795616
1970,24,249970,1449421
1970,25,236712,1409355
1970,26,225652,1408362
1970,27,214892,1483707
1970,28,174732,1340295
1970,29,142916,1258983
1970,30,119254,1264621
1970,31,97542,1175177
1970,32,84136,1166863
1970,33,68068,1126906
1970,34,58806,1147288
1970,35,50914,1134252
1970,36,41110,1108805
1970,37,34880,1139652
1970,38,29516,1143721
1970,39,23824,1165711
1970,40,18836,1214716
1970,41,12754,1222244
1970,42,9310,1228214
1970,43,5926,1234472
1970,44,3126,1245706
1970,45,1818,1265373
1970,46,754,1263122
1970,47,356,1252447
1970,48,122,1251425
1970,49,96,1233945
1970,50,0,1228228
1970,51,0,1199189
1970,52,0,1150398
1970,53,0,1114690
1970,54,0,1094996
1970,55,0,1087199
1971,12,314,2050400
1971,13,1798,2056454
1971,14,9466,2075348
1971,15,31116,2018475
1971,16,72274,1969443
1971,17,122908,1940440
1971,18,176522,1914861
1971,19,225122,1892364
1971,20,246540,1870434
1971,21,260102,1765355
1971,22,272450,1746786
1971,23,285170,1740839
1971,24,290718,1853064
1971,25,224650,1434014
1971,26,205802,1397797
1971,27,193394,1434308
1971,28,179992,1483714
1971,29,143054,1346335
1971,30,116120,1326888
1971,31,93428,1204076
1971,32,77730,1188181
1971,33,65254,1163602
1971,34,53842,1162244
1971,35,46324,1145293
1971,36,38860,1137762
1971,37,30720,1113493
1971,38,26216,1135388
1971,39,20444,1147990
1971,40,15862,1182171
1971,41,11434,1212466
1971,42,7994,1219752
1971,43,4966,1218214
1971,44,2730,1228225
1971,45,1472,1243461
1971,46,710,1256476
1971,47,318,1255500
1971,48,114,1252484
1971,49,40,1256758
1971,50,0,1241241
1971,51,0,1235024
1971,52,0,1193562
1971,53,0,1138304
1971,54,0,1100759
1971,55,0,1085721
1972,12,279,2044172
1972,13,1908,2062173
1972,14,9895,2091718
1972,15,33739,2073830
1972,16,76709,2010471
1972,17,126193,1981206
1972,18,172840,1961733
1972,19,206799,1950283
1972,20,221371,1913824
1972,21,228580,1819822
1972,22,234208,1760371
1972,23,243073,1742031
1972,24,246951,1797271
1972,25,250222,1835332
1972,26,187647,1421955
1972,27,168143,1422923
1972,28,153761,1430334
1972,29,140619,1503652
1972,30,110723,1413148
1972,31,86236,1267220
1972,32,71115,1218778
1972,33,58012,1184180
1972,34,48915,1198704
1972,35,39530,1159247
1972,36,33967,1143529
1972,37,27982,1139526
1972,38,22142,1110016
1972,39,17707,1144207
1972,40,13364,1154233
1972,41,9573,1177156
1972,42,7175,1211469
1972,43,4282,1213242
1972,44,2467,1215732
1972,45,1245,1222719
1972,46,613,1236433
1972,47,260,1252733
1972,48,115,1251492
1972,49,51,1262509
1972,50,0,1245738
1972,51,0,1247256
1972,52,0,1231286
1972,53,0,1187032
1972,54,0,1127329
1972,55,0,1089488
1973,12,361,2069098
1973,13,2064,2055626
1973,14,10436,2095489
1973,15,34752,2092454
1973,16,77889,2067800
1973,17,125762,2020963
1973,18,167501,1997492
1973,19,198192,2004435
1973,20,209803,1967797
1973,21,216519,1864458
1973,22,221906,1814812
1973,23,225259,1757372
1973,24,227626,1794051
1973,25,227480,1782987
1973,26,225070,1819497
1973,27,164419,1446367
1973,28,143861,1412872
1973,29,127496,1461017
1973,30,114998,1567446
1973,31,86262,1353528
1973,32,69014,1281950
1973,33,54896,1213542
1973,34,44806,1219660
1973,35,36851,1192679
1973,36,29789,1155007
1973,37,24869,1145529
1973,38,20016,1133225
1973,39,15264,1122414
1973,40,11601,1152236
1973,41,8312,1144979
1973,42,6041,1176429
1973,43,3883,1204224
1973,44,2025,1212997
1973,45,1103,1210466
1973,46,509,1215731
1973,47,209,1233454
1973,48,91,1247728
1973,49,30,1266243
1973,50,0,1245220
1973,51,0,1255992
1973,52,0,1243255
1973,53,0,1226035
1973,54,0,1176047
1973,55,0,1115555
1974,12,370,2039044
1974,13,2008,2081158
1974,14,10151,2087503
1974,15,33718,2098733
1974,16,75909,2088689
1974,17,124550,2077827
1974,18,164609,2032731
1974,19,196663,2047700
1974,20,211702,2017720
1974,21,219162,1919576
1974,22,224559,1859719
1974,23,228238,1813800
1974,24,224390,1805487
1974,25,224316,1783289
1974,26,217821,1768203
1974,27,208064,1849342
1974,28,148425,1429713
1974,29,124692,1455086
1974,30,109199,1513377
1974,31,92930,1505208
1974,32,71629,1368063
1974,33,55208,1275460
1974,34,43941,1249675
1974,35,34639,1210905
1974,36,28359,1185903
1974,37,22842,1157499
1974,38,18133,1137271
1974,39,14142,1150359
1974,40,10393,1132578
1974,41,7268,1138383
1974,42,5125,1144983
1974,43,3279,1168422
1974,44,1813,1206470
1974,45,894,1208005
1974,46,490,1203477
1974,47,209,1213987
1974,48,82,1227452
1974,49,36,1266989
1974,50,0,1242767
1974,51,0,1260244
1974,52,0,1251755
1974,53,0,1239500
1974,54,0,1215042
1974,55,0,1164053
1975,12,304,2012674
1975,13,2072,2051532
1975,14,10266,2111833
1975,15,33450,2092723
1975,16,74138,2097221
1975,17,119682,2097948
1975,18,162281,2084634
1975,19,192687,2090587
1975,20,207891,2056484
1975,21,216818,1971445
1975,22,221662,1915572
1975,23,225125,1860953
1975,24,222180,1859158
1975,25,217680,1798491
1975,26,208515,1770033
1975,27,197780,1797046
1975,28,184371,1820682
1975,29,128440,1484808
1975,30,106576,1498052
1975,31,88782,1457295
1975,32,77649,1521083
1975,33,57225,1360678
1975,34,45268,1313905
1975,35,35724,1238207
1975,36,26932,1201903
1975,37,21986,1189668
1975,38,17520,1147285
1975,39,13247,1159298
1975,40,10150,1162954
1975,41,6615,1114730
1975,42,4665,1139372
1975,43,3041,1135987
1975,44,1848,1173164
1975,45,922,1201462
1975,46,411,1200993
1975,47,190,1203230
1975,48,78,1206732
1975,49,27,1251193
1975,50,0,1237468
1975,51,0,1262504
1975,52,0,1255474
1975,53,0,1249498
1975,54,0,1228481
1975,55,0,1203034
1976,12,355,1972406
1976,13,1930,2024935
1976,14,9643,2079513
1976,15,31851,2118114
1976,16,71204,2092963
1976,17,112438,2104496
1976,18,153795,2098982
1976,19,189456,2150263
1976,20,204753,2094620
1976,21,214747,2012213
1976,22,222290,1968190
1976,23,225753,1919055
1976,24,224059,1903101
1976,25,220013,1855636
1976,26,208599,1786030
1976,27,196240,1798541
1976,28,181146,1761761
1976,29,166132,1904436
1976,30,113934,1517973
1976,31,89801,1446794
1976,32,76031,1472863
1976,33,64212,1512378
1976,34,47918,1402046
1976,35,36132,1298928
1976,36,28090,1226740
1976,37,21599,1206652
1976,38,17364,1176371
1976,39,12477,1173934
1976,40,9247,1173304
1976,41,6400,1140533
1976,42,4406,1116217
1976,43,2777,1129308
1976,44,1553,1142978
1976,45,782,1167923
1976,46,414,1194467
1976,47,155,1201740
1976,48,64,1194220
1976,49,28,1234735
1976,50,0,1215689
1976,51,0,1261481
1976,52,0,1257495
1976,53,0,1254235
1976,54,0,1238508
1976,55,0,1216228
1977,12,292,1903017
1977,13,1859,1984910
1977,14,9304,2050710
1977,15,30956,2087247
1977,16,70050,2120860
1977,17,112782,2098939
1977,18,153537,2100260
1977,19,191829,2171936
1977,20,213715,2150037
1977,21,225188,2052411
1977,22,232327,2010198
1977,23,238667,1974169
1977,24,236594,1958291
1977,25,232915,1903327
1977,26,222642,1843606
1977,27,203350,1813943
1977,28,187686,1755802
1977,29,169638,1855987
1977,30,150271,1934444
1977,31,98581,1470756
1977,32,78922,1462624
1977,33,65244,1464712
1977,34,53921,1558725
1977,35,39529,1383350
1977,36,29303,1284699
1977,37,22199,1232224
1977,38,17232,1190402
1977,39,12637,1208225
1977,40,9252,1189874
1977,41,6369,1146782
1977,42,4408,1142549
1977,43,2650,1105812
1977,44,1438,1138605
1977,45,753,1137733
1977,46,362,1161428
1977,47,138,1195973
1977,48,63,1191503
1977,49,29,1226728
1977,50,0,1193739
1977,51,0,1243700
1977,52,0,1256727
1977,53,0,1257006
1977,54,0,1243749
1977,55,0,1226003
1978,12,271,1814025
1978,13,1697,1916532
1978,14,8804,2009176
1978,15,28863,2061209
1978,16,64923,2093480
1978,17,108875,2126892
1978,18,151555,2090251
1978,19,189191,2181613
1978,20,209805,2168453
1978,21,226081,2110655
1978,22,231567,2052395
1978,23,236147,2019426
1978,24,235924,2011189
1978,25,232021,1963252
1978,26,222526,1892600
1978,27,206597,1871913
1978,28,186545,1764874
1978,29,167494,1864529
1978,30,146823,1875173
1978,31,126424,1880227
1978,32,83225,1486865
1978,33,64947,1455840
1978,34,52899,1510185
1978,35,43214,1535686
1978,36,31098,1366133
1978,37,22419,1291439
1978,38,17267,1213781
1978,39,12198,1227904
1978,40,8865,1227539
1978,41,5906,1159243
1978,42,4166,1150040
1978,43,2441,1131720
1978,44,1249,1117462
1978,45,705,1134054
1978,46,337,1131984
1978,47,134,1164180
1978,48,51,1185468
1978,49,25,1229250
1978,50,0,1180719
1978,51,0,1225975
1978,52,0,1239456
1978,53,0,1257718
1978,54,0,1247506
1978,55,0,1231254
1979,12,261,1766254
1979,13,1796,1828693
1979,14,8642,1938090
1979,15,28377,2022484
1979,16,63946,2069109
1979,17,107814,2096522
1979,18,153289,2115003
1979,19,196046,2182740
1979,20,216160,2177565
1979,21,232559,2133904
1979,22,243691,2111247
1979,23,248577,2064730
1979,24,247676,2053639
1979,25,243694,2020835
1979,26,233832,1954385
1979,27,218033,1922045
1979,28,198482,1815758
1979,29,175205,1887245
1979,30,152747,1873263
1979,31,127824,1829139
1979,32,109997,1900259
1979,33,70809,1480118
1979,34,55622,1500072
1979,35,44047,1486230
1979,36,34983,1514810
1979,37,24804,1374720
1979,38,18094,1270301
1979,39,13168,1257209
1979,40,9025,1248888
1979,41,6068,1191591
1979,42,4027,1163350
1979,43,2474,1140498
1979,44,1424,1145939
1979,45,670,1112678
1979,46,289,1130828
1979,47,144,1137388
1979,48,73,1149728
1979,49,29,1227518
1979,50,0,1182114
1979,51,0,1211940
1979,52,0,1222066
1979,53,0,1242392
1979,54,0,1251473
1979,55,0,1235468
1980,12,284,1731923
1980,13,1614,1781600
1980,14,8271,1845067
1980,15,28178,1953963
1980,16,63198,2028243
1980,17,106846,2066709
1980,18,153333,2085657
1980,19,200606,2219687
1980,20,224542,2178616
1980,21,240010,2145880
1980,22,249401,2130883
1980,23,258140,2124701
1980,24,254107,2095201
1980,25,251736,2067525
1980,26,241259,2013272
1980,27,224977,1984006
1980,28,206488,1857885
1980,29,183831,1949314
1980,30,157174,1886762
1980,31,131581,1833974
1980,32,110313,1847236
1980,33,91680,1888679
1980,34,59606,1521974
1980,35,45418,1478316
1980,36,35426,1467059
1980,37,27314,1525273
1980,38,19171,1347442
1980,39,13464,1321290
1980,40,9264,1274181
1980,41,5984,1207533
1980,42,4148,1196274
1980,43,2354,1161335
1980,44,1340,1154400
1980,45,672,1135934
1980,46,300,1118830
1980,47,140,1140222
1980,48,66,1104136
1980,49,22,1194475
1980,50,0,1197687
1980,51,0,1190046
1980,52,0,1208807
1980,53,0,1226519
1980,54,0,1245895
1980,55,0,1235722
1981,12,242,1766383
1981,13,1546,1746054
1981,14,7844,1792615
1981,15,25961,1862164
1981,16,59603,1956245
1981,17,101833,2024534
1981,18,147006,2058910
1981,19,192989,2192097
1981,20,220466,2211251
1981,21,236708,2144476
1981,22,244414,2135982
1981,23,253234,2142163
1981,24,257178,2153037
1981,25,252602,2110874
1981,26,244234,2059152
1981,27,229640,2039422
1981,28,211699,1910168
1981,29,190013,1996220
1981,30,164057,1942164
1981,31,135953,1849536
1981,32,112732,1848321
1981,33,91973,1832141
1981,34,76739,1939001
1981,35,48554,1504799
1981,36,35801,1461385
1981,37,26919,1476585
1981,38,20801,1486758
1981,39,13981,1408527
1981,40,9517,1329741
1981,41,6239,1228908
1981,42,3922,1212572
1981,43,2409,1203783
1981,44,1239,1172598
1981,45,658,1136773
1981,46,284,1152403
1981,47,143,1130530
1981,48,62,1081011
1981,49,43,1151816
1981,50,0,1192643
1981,51,0,1170244
1981,52,0,1188001
1981,53,0,1213891
1981,54,0,1241144
1981,55,0,1221081
1982,12,265,1795425
1982,13,1579,1779334
1982,14,7929,1754057
1982,15,25091,1809080
1982,16,57348,1862913
1982,17,98723,1955912
1982,18,144937,2018153
1982,19,187659,2165156
1982,20,215557,2180481
1982,21,236238,2174151
1982,22,245568,2128782
1982,23,252194,2144187
1982,24,256422,2171223
1982,25,257360,2166659
1982,26,247664,2101555
1982,27,234254,2081854
1982,28,216894,1957916
1982,29,195762,2054373
1982,30,170247,1984156
1982,31,142882,1902660
1982,32,118274,1860585
1982,33,95462,1831880
1982,34,78408,1880145
1982,35,63838,1919602
1982,36,39129,1487078
1982,37,28078,1470305
1982,38,21278,1432253
1982,39,15597,1562699
1982,40,10287,1409755
1982,41,6475,1282995
1982,42,4280,1233391
1982,43,2333,1222336
1982,44,1289,1215225
1982,45,686,1151606
1982,46,307,1153210
1982,47,158,1164728
1982,48,63,1061965
1982,49,22,1132900
1982,50,0,1159680
1982,51,0,1150211
1982,52,0,1168276
1982,53,0,1193313
1982,54,0,1232416
1982,55,0,1211217
1983,12,263,1810884
1983,13,1672,1808062
1983,14,7817,1786499
1983,15,24686,1769256
1983,16,55000,1809805
1983,17,92987,1866990
1983,18,136921,1949852
1983,19,179692,2125839
1983,20,204751,2153384
1983,21,224327,2143919
1983,22,237422,2153651
1983,23,245666,2133982
1983,24,248108,2175488
1983,25,251136,2181032
1983,26,247876,2157551
1983,27,234104,2122524
1983,28,217264,1995155
1983,29,197340,2110172
1983,30,176072,2037910
1983,31,147430,1942585
1983,32,122685,1912407
1983,33,98551,1845215
1983,34,79778,1880028
1983,35,63476,1861755
1983,36,50030,1894713
1983,37,29985,1496428
1983,38,21432,1420967
1983,39,15430,1514720
1983,40,11156,1558642
1983,41,6746,1362956
1983,42,4330,1286706
1983,43,2399,1240864
1983,44,1251,1236472
1983,45,609,1193859
1983,46,345,1162372
1983,47,108,1165514
1983,48,67,1095198
1983,49,21,1118385
1983,50,0,1136339
1983,51,0,1118287
1983,52,0,1147675
1983,53,0,1173805
1983,54,0,1211200
1983,55,0,1202194
1984,12,318,1690143
1984,13,1745,1823892
1984,14,7902,1814988
1984,15,24142,1801511
1984,16,53178,1770330
1984,17,89424,1818504
1984,18,130159,1861476
1984,19,172779,2057370
1984,20,200120,2113485
1984,21,217849,2117187
1984,22,231838,2119282
1984,23,243460,2155663
1984,24,248311,2167378
1984,25,249592,2181689
1984,26,248002,2172929
1984,27,239861,2177290
1984,28,223062,2031144
1984,29,205194,2155930
1984,30,183014,2089676
1984,31,155153,1994474
1984,32,129971,1951435
1984,33,105919,1898521
1984,34,84439,1894259
1984,35,65907,1862755
1984,36,51467,1836090
1984,37,38864,1907375
1984,38,23389,1441265
1984,39,16128,1512294
1984,40,11099,1506029
1984,41,7259,1510178
1984,42,4492,1366093
1984,43,2605,1292096
1984,44,1391,1257764
1984,45,592,1215322
1984,46,298,1199190
1984,47,123,1174863
1984,48,66,1097205
1984,49,29,1159568
1984,50,0,1117682
1984,51,0,1095899
1984,52,0,1115301
1984,53,0,1153500
1984,54,0,1191106
1984,55,0,1180968
1985,12,260,1608541
1985,13,1688,1702920
1985,14,8272,1830979
1985,15,25002,1830076
1985,16,53474,1803140
1985,17,89313,1783526
1985,18,129563,1813506
1985,19,170133,1967073
1985,20,197758,2044423
1985,21,218654,2078039
1985,22,230700,2088869
1985,23,242976,2119014
1985,24,251232,2192088
1985,25,255460,2170310
1985,26,251572,2175433
1985,27,246578,2191728
1985,28,233834,2081004
1985,29,213906,2200837
1985,30,191373,2131324
1985,31,162335,2044608
1985,32,138433,2002875
1985,33,113049,1939506
1985,34,91164,1949686
1985,35,71533,1878171
1985,36,54200,1835747
1985,37,40241,1849735
1985,38,30850,1830575
1985,39,17512,1543687
1985,40,11621,1499596
1985,41,7453,1462351
1985,42,5098,1512773
1985,43,2725,1369155
1985,44,1437,1312234
1985,45,661,1237127
1985,46,291,1214798
1985,47,121,1212175
1985,48,60,1107534
1985,49,29,1167793
1985,50,0,1154234
1985,51,0,1078130
1985,52,0,1092247
1985,53,0,1121425
1985,54,0,1170256
1985,55,0,1160873
1986,12,277,1561297
1986,13,1722,1621223
1986,14,8177,1709870
1986,15,25951,1846213
1986,16,54220,1832031
1986,17,88401,1820986
1986,18,127794,1778740
1986,19,165539,1918918
1986,20,188695,1954316
1986,21,209120,2010856
1986,22,224523,2046366
1986,23,235702,2086728
1986,24,244079,2157553
1986,25,252149,2191652
1986,26,250251,2165717
1986,27,244053,2192918
1986,28,233947,2092049
1986,29,219119,2260166
1986,30,195484,2171739
1986,31,168266,2084713
1986,32,143577,2052499
1986,33,118158,1992594
1986,34,95910,1992614
1986,35,76481,1934477
1986,36,57256,1849330
1986,37,42383,1850819
1986,38,31443,1768709
1986,39,22772,1973814
1986,40,12838,1525959
1986,41,7650,1459042
1986,42,4980,1463985
1986,43,2918,1513228
1986,44,1461,1393331
1986,45,738,1291480
1986,46,294,1230284
1986,47,141,1228003
1986,48,51,1143992
1986,49,27,1184436
1986,50,0,1157779
1986,51,0,1113196
1986,52,0,1073805
1986,53,0,1098638
1986,54,0,1137376
1986,55,0,1139977
1987,12,268,1579913
1987,13,1819,1574080
1987,14,8224,1628303
1987,15,25382,1724508
1987,16,56365,1848602
1987,17,90844,1854873
1987,18,127327,1816227
1987,19,162394,1885226
1987,20,183294,1907069
1987,21,201066,1923407
1987,22,218076,1976784
1987,23,233056,2042300
1987,24,240364,2127295
1987,25,249177,2153918
1987,26,254312,2188175
1987,27,248916,2181390
1987,28,238804,2090245
1987,29,224871,2278157
1987,30,204990,2226490
1987,31,175834,2123345
1987,32,151277,2092056
1987,33,125771,2043998
1987,34,102823,2048286
1987,35,82204,1978118
1987,36,62953,1903150
1987,37,45930,1865627
1987,38,33378,1763360
1987,39,23519,1920728
1987,40,16514,1943249
1987,41,8614,1487888
1987,42,4996,1460017
1987,43,2973,1462234
1987,44,1684,1543343
1987,45,784,1371818
1987,46,341,1277873
1987,47,155,1243605
1987,48,57,1160234
1987,49,38,1229555
1987,50,0,1169886
1987,51,0,1116581
1987,52,0,1108282
1987,53,0,1080620
1987,54,0,1113965
1987,55,0,1107286
1988,12,274,1577548
1988,13,1804,1593257
1988,14,8510,1581194
1988,15,25605,1642732
1988,16,55150,1727527
1988,17,95869,1877038
1988,18,133370,1850106
1988,19,168359,1928469
1988,20,185209,1874403
1988,21,199177,1877921
1988,22,212734,1887508
1988,23,228642,1971104
1988,24,241710,2084625
1988,25,251177,2120682
1988,26,255301,2151873
1988,27,255940,2202315
1988,28,245126,2076355
1988,29,231712,2283504
1988,30,212592,2240066
1988,31,185753,2175967
1988,32,160227,2130066
1988,33,134120,2085702
1988,34,110855,2102470
1988,35,88529,2034373
1988,36,68031,1944715
1988,37,50833,1921010
1988,38,36498,1771879
1988,39,25627,1929036
1988,40,17470,1883636
1988,41,11290,1899042
1988,42,5836,1488293
1988,43,3114,1456583
1988,44,1639,1494408
1988,45,772,1519998
1988,46,388,1350814
1988,47,137,1291570
1988,48,88,1176800
1988,49,42,1253529
1988,50,0,1209734
1988,51,0,1128547
1988,52,0,1111234
1988,53,0,1115981
1988,54,0,1095564
1988,55,0,1083923
1989,12,466,1631214
1989,13,1969,1592280
1989,14,9051,1601186
1989,15,26730,1596227
1989,16,57279,1647349
1989,17,97035,1759410
1989,18,144350,1873311
1989,19,181109,1966043
1989,20,195425,1922460
1989,21,204327,1844394
1989,22,214330,1838953
1989,23,223550,1880391
1989,24,239966,2014809
1989,25,253809,2077083
1989,26,259259,2121091
1989,27,258239,2165843
1989,28,252093,2097557
1989,29,239698,2269516
1989,30,218670,2248459
1989,31,194911,2187974
1989,32,169115,2183097
1989,33,141350,2126725
1989,34,118349,2145646
1989,35,95866,2092061
1989,36,74255,1999078
1989,37,55779,1964083
1989,38,40057,1823173
1989,39,27921,1942718
1989,40,19043,1892586
1989,41,12254,1842552
1989,42,7692,1899185
1989,43,3587,1483008
1989,44,1825,1489755
1989,45,873,1474989
1989,46,388,1489863
1989,47,186,1364749
1989,48,104,1220961
1989,49,48,1276167
1989,50,0,1229412
1989,51,0,1167223
1989,52,0,1122213
1989,53,0,1118238
1989,54,0,1131430
1989,55,0,1071628
1990,12,386,1654039
1990,13,1993,1650407
1990,14,9278,1603276
1990,15,27703,1619476
1990,16,57901,1604352
1990,17,97723,1682100
1990,18,144969,1757022
1990,19,193530,1989705
1990,20,207307,1964006
1990,21,212669,1888030
1990,22,216482,1804150
1990,23,224151,1832940
1990,24,233121,1926974
1990,25,250462,2011875
1990,26,261244,2083331
1990,27,262303,2140752
1990,28,254990,2072655
1990,29,248109,2292532
1990,30,227300,2246012
1990,31,203857,2199837
1990,32,177925,2200745
1990,33,151286,2185395
1990,34,125695,2188891
1990,35,102458,2142121
1990,36,80640,2057413
1990,37,60125,2021070
1990,38,43466,1868037
1990,39,30894,1996070
1990,40,20907,1910847
1990,41,13214,1851236
1990,42,7829,1842472
1990,43,4674,1890544
1990,44,1983,1518003
1990,45,888,1473911
1990,46,416,1441412
1990,47,178,1505943
1990,48,83,1292273
1990,49,73,1325913
1990,50,0,1250481
1990,51,0,1187196
1990,52,0,1161836
1990,53,0,1129212
1990,54,0,1134994
1990,55,0,1114099
1991,12,412,1721795
1991,13,2044,1677408
1991,14,9558,1665953
1991,15,28810,1625228
1991,16,60511,1631409
1991,17,98905,1639787
1991,18,144029,1680005
1991,19,187322,1864692
1991,20,214666,1982439
1991,21,219215,1927763
1991,22,217917,1848964
1991,23,216051,1802687
1991,24,221843,1883948
1991,25,233118,1931832
1991,26,245076,2024730
1991,27,252337,2112068
1991,28,248516,2061410
1991,29,240918,2270111
1991,30,226320,2276906
1991,31,202949,2206440
1991,32,176424,2221903
1991,33,151175,2208327
1991,34,127994,2252196
1991,35,105153,2191202
1991,36,83213,2110527
1991,37,63176,2081848
1991,38,46402,1927605
1991,39,33049,2046294
1991,40,22233,1961395
1991,41,14123,1869868
1991,42,8464,1851214
1991,43,4739,1833552
1991,44,2536,1937698
1991,45,986,1501813
1991,46,419,1439991
1991,47,151,1459727
1991,48,93,1438960
1991,49,60,1401147
1991,50,0,1301476
1991,51,0,1209358
1991,52,0,1185927
1991,53,0,1171794
1991,54,0,1148312
1991,55,0,1115391
1992,12,318,1788612
1992,13,2126,1747046
1992,14,9776,1695567
1992,15,29267,1690579
1992,16,60136,1638760
1992,17,98146,1666188
1992,18,138663,1641284
1992,19,179203,1781185
1992,20,201561,1856392
1992,21,220444,1949000
1992,22,219262,1892203
1992,23,213908,1852235
1992,24,215315,1855106
1992,25,222743,1896331
1992,26,229824,1946267
1992,27,242324,2059063
1992,28,245213,2043868
1992,29,239160,2250123
1992,30,224458,2262706
1992,31,205129,2239798
1992,32,179269,2233865
1992,33,154088,2229863
1992,34,132327,2275664
1992,35,108942,2259860
1992,36,86049,2161162
1992,37,65932,2134025
1992,38,48526,1993341
1992,39,35195,2103661
1992,40,23825,2013525
1992,41,15367,1918299
1992,42,8989,1872227
1992,43,4927,1843225
1992,44,2594,1877124
1992,45,1253,1920371
1992,46,409,1468393
1992,47,183,1459913
1992,48,111,1405342
1992,49,52,1552549
1992,50,0,1381022
1992,51,0,1259850
1992,52,0,1211318
1992,53,0,1196761
1992,54,0,1192920
1992,55,0,1125902
1993,12,277,1831240
1993,13,2238,1813523
1993,14,10039,1766409
1993,15,30074,1720576
1993,16,61960,1704331
1993,17,98501,1670456
1993,18,138313,1673381
1993,19,172245,1736167
1993,20,191147,1777026
1993,21,204091,1828736
1993,22,218478,1917139
1993,23,212994,1898565
1993,24,211417,1904884
1993,25,213419,1873757
1993,26,220850,1908362
1993,27,225871,1982351
1993,28,233610,2000609
1993,29,235112,2210355
1993,30,223744,2253716
1993,31,203771,2221915
1993,32,182196,2268947
1993,33,157524,2238575
1993,34,133916,2293801
1993,35,111090,2289068
1993,36,90183,2228907
1993,37,68144,2180776
1993,38,50860,2053034
1993,39,36776,2155824
1993,40,25307,2080338
1993,41,15960,1965447
1993,42,9584,1924455
1993,43,5414,1865229
1993,44,2806,1880998
1993,45,1318,1868253
1993,46,617,1877932
1993,47,220,1487547
1993,48,118,1410596
1993,49,56,1506706
1993,50,0,1537571
1993,51,0,1337036
1993,52,0,1263212
1993,53,0,1220026
1993,54,0,1218565
1993,55,0,1171561
1994,12,315,1862583
1994,13,2128,1854261
1994,14,10458,1832699
1994,15,30742,1791002
1994,16,63125,1732866
1994,17,101302,1732353
1994,18,137547,1681791
1994,19,172772,1763993
1994,20,182977,1733087
1994,21,191555,1752546
1994,22,202075,1802042
1994,23,213343,1925583
1994,24,211468,1949702
1994,25,211507,1929135
1994,26,212387,1882137
1994,27,218226,1945629
1994,28,220390,1933031
1994,29,226335,2142719
1994,30,221992,2223508
1994,31,204896,2208116
1994,32,182049,2251043
1994,33,160627,2269383
1994,34,136934,2297680
1994,35,114709,2312135
1994,36,92526,2256898
1994,37,71412,2243604
1994,38,53658,2107364
1994,39,39303,2199786
1994,40,26998,2141803
1994,41,17228,2026098
1994,42,10467,1974916
1994,43,5708,1917432
1994,44,3101,1897077
1994,45,1400,1880120
1994,46,617,1826688
1994,47,276,1900155
1994,48,128,1443089
1994,49,86,1502466
1994,50,0,1498709
1994,51,0,1488419
1994,52,0,1341593
1994,53,0,1269527
1994,54,0,1242190
1994,55,0,1198301
1995,12,279,1876425
1995,13,2044,1883290
1995,14,9919,1872883
1995,15,30734,1856504
1995,16,62174,1801838
1995,17,99600,1756277
1995,18,138535,1748268
1995,19,168830,1766647
1995,20,181258,1761424
1995,21,183249,1710532
1995,22,191268,1730203
1995,23,198348,1812541
1995,24,211424,1975250
1995,25,212080,1979735
1995,26,210916,1934210
1995,27,210436,1920870
1995,28,214563,1904433
1995,29,215544,2050680
1995,30,214551,2165171
1995,31,204219,2173969
1995,32,184297,2237502
1995,33,160907,2247424
1995,34,140692,2324362
1995,35,117643,2320942
1995,36,94777,2278858
1995,37,74025,2266349
1995,38,56493,2177837
1995,39,40807,2236859
1995,40,28320,2195527
1995,41,18425,2081192
1995,42,11002,2039096
1995,43,6275,1967710
1995,44,3228,1943890
1995,45,1518,1903922
1995,46,663,1838092
1995,47,314,1847430
1995,48,164,1850452
1995,49,68,1525582
1995,50,0,1501273
1995,51,0,1450724
1995,52,0,1494632
1995,53,0,1345353
1995,54,0,1292500
1995,55,0,1223114
1996,12,273,1866243
1996,13,1860,1895513
1996,14,9015,1902138
1996,15,28540,1896396
1996,16,60287,1866618
1996,17,96894,1821654
1996,18,135059,1777484
1996,19,170797,1830821
1996,20,179284,1765921
1996,21,185490,1740813
1996,22,188210,1692764
1996,23,191941,1743944
1996,24,200285,1859225
1996,25,216312,2012715
1996,26,217119,1982308
1996,27,214754,1976906
1996,28,211418,1888385
1996,29,211684,2001964
1996,30,206576,2082905
1996,31,199581,2113773
1996,32,185617,2204478
1996,33,163723,2230872
1996,34,142416,2297891
1996,35,121980,2353720
1996,36,98760,2287466
1996,37,76998,2283595
1996,38,58194,2210307
1996,39,43578,2290463
1996,40,30196,2243310
1996,41,19587,2128852
1996,42,11845,2098182
1996,43,6663,2032040
1996,44,3513,1988814
1996,45,1655,1959072
1996,46,816,1861342
1996,47,331,1858591
1996,48,152,1804882
1996,49,91,1942316
1996,50,0,1532063
1996,51,0,1453382
1996,52,0,1458123
1996,53,0,1495797
1996,54,0,1369547
1996,55,0,1274431
1997,12,271,1913870
1997,13,1661,1883817
1997,14,8189,1914890
1997,15,26340,1925618
1997,16,57038,1906039
1997,17,96776,1882739
1997,18,134595,1848971
1997,19,168471,1855897
1997,20,183050,1831959
1997,21,184466,1747861
1997,22,190783,1727025
1997,23,188844,1709855
1997,24,194905,1789491
1997,25,205294,1902353
1997,26,220344,2013487
1997,27,219824,2029093
1997,28,214978,1952032
1997,29,208996,1967169
1997,30,203454,2044509
1997,31,192151,2030979
1997,32,181501,2145563
1997,33,165034,2195447
1997,34,144658,2277617
1997,35,122610,2333203
1997,36,101884,2320209
1997,37,79461,2287725
1997,38,60376,2238029
1997,39,45379,2303801
1997,40,31897,2308421
1997,41,20542,2170779
1997,42,12613,2150071
1997,43,7255,2091600
1997,44,3777,2047673
1997,45,1866,2012843
1997,46,795,1915421
1997,47,395,1881374
1997,48,173,1821883
1997,49,104,1883034
1997,50,66,1959727
1997,51,30,1483365
1997,52,17,1462306
1997,53,19,1456529
1997,54,12,1522702
1997,55,0,1352335
1998,12,230,1941946
1998,13,1621,1929762
1998,14,7611,1903097
1998,15,24777,1937839
1998,16,55033,1934319
1998,17,93421,1917633
1998,18,137567,1915464
1998,19,174097,1923748
1998,20,187859,1857614
1998,21,192904,1814143
1998,22,194649,1736680
1998,23,195154,1746386
1998,24,194556,1752959
1998,25,201517,1837139
1998,26,212527,1900720
1998,27,227095,2063134
1998,28,224038,2010773
1998,29,217833,2013584
1998,30,205278,2018711
1998,31,193152,1990096
1998,32,178236,2062801
1998,33,164665,2133685
1998,34,148034,2237617
1998,35,127062,2318254
1998,36,103855,2299879
1998,37,82887,2315496
1998,38,63626,2252637
1998,39,47460,2311352
1998,40,33459,2333134
1998,41,21958,2229183
1998,42,13600,2196261
1998,43,7900,2144037
1998,44,4110,2101175
1998,45,1957,2081024
1998,46,895,1968159
1998,47,481,1934875
1998,48,201,1850657
1998,49,90,1888945
1998,50,63,1908057
1998,51,45,1897332
1998,52,25,1493899
1998,53,19,1457864
1998,54,6,1483082
1998,55,0,1505468
1999,12,245,1957779
1999,13,1496,1955639
1999,14,7313,1949094
1999,15,22896,1924363
1999,16,51516,1948332
1999,17,89176,1941864
1999,18,133988,1951893
1999,19,178474,1987393
1999,20,190673,1924254
1999,21,195244,1840556
1999,22,200993,1807015
1999,23,195947,1754923
1999,24,199072,1786233
1999,25,200513,1801725
1999,26,206784,1834248
1999,27,216448,1947235
1999,28,229241,2053022
1999,29,225266,2052590
1999,30,212106,2070322
1999,31,194687,1964358
1999,32,178604,2021552
1999,33,160225,2049529
1999,34,146778,2169798
1999,35,128843,2279980
1999,36,107116,2287116
1999,37,84065,2291234
1999,38,65169,2289637
1999,39,49101,2307190
1999,40,34205,2346333
1999,41,22506,2254379
1999,42,14078,2257492
1999,43,7926,2189860
1999,44,4375,2148357
1999,45,2229,2139375
1999,46,1050,2037702
1999,47,520,1985732
1999,48,240,1909500
1999,49,135,1907670
1999,50,75,1915994
1999,51,42,1851341
1999,52,35,1912497
1999,53,10,1483213
1999,54,12,1487374
1999,55,0,1466460
2000,12,242,1993607
2000,13,1427,1970476
2000,14,6850,1973011
2000,15,21845,1967953
2000,16,48581,1939555
2000,17,86783,1956949
2000,18,132786,1971602
2000,19,178995,2011862
2000,20,199510,1991316
2000,21,202208,1917636
2000,22,206182,1843911
2000,23,206781,1823676
2000,24,203125,1786694
2000,25,208150,1828222
2000,26,207956,1804442
2000,27,214286,1870987
2000,28,222130,1949174
2000,29,235025,2075915
2000,30,225938,2097591
2000,31,206367,2032655
2000,32,184174,1990775
2000,33,165473,2014893
2000,34,147326,2075417
2000,35,131256,2202998
2000,36,111446,2262044
2000,37,88672,2281340
2000,38,68721,2277872
2000,39,51962,2324798
2000,40,37255,2333033
2000,41,24465,2293334
2000,42,14852,2276362
2000,43,8745,2252507
2000,44,4696,2191267
2000,45,2281,2175873
2000,46,1135,2109688
2000,47,527,2049576
2000,48,250,1968915
2000,49,156,1948493
2000,50,100,1923624
2000,51,67,1878695
2000,52,43,1862891
2000,53,30,1895839
2000,54,15,1507175
2000,55,0,1472977
2001,12,241,2052490
2001,13,1289,2006451
2001,14,6251,1983171
2001,15,20150,1989504
2001,16,45367,1985299
2001,17,79807,1952857
2001,18,126361,1981743
2001,19,174259,2008287
2001,20,195252,2024908
2001,21,204902,2002146
2001,22,207623,1929716
2001,23,206676,1860103
2001,24,207174,1845774
2001,25,205439,1814533
2001,26,209813,1839586
2001,27,208786,1827963
2001,28,214030,1880824
2001,29,220197,1958614
2001,30,226618,2100923
2001,31,212750,2088511
2001,32,189746,2051297
2001,33,166128,1995695
2001,34,147455,2029260
2001,35,128644,2092824
2001,36,109843,2203562
2001,37,89806,2264061
2001,38,70457,2281633
2001,39,52973,2292217
2001,40,38061,2335065
2001,41,25188,2319923
2001,42,15642,2301920
2001,43,9083,2276386
2001,44,4839,2251814
2001,45,2490,2198800
2001,46,1232,2166945
2001,47,605,2113862
2001,48,297,2043390
2001,49,220,1981581
2001,50,114,1950574
2001,51,65,1913226
2001,52,28,1881069
2001,53,19,1855485
2001,54,13,1905329
2001,55,0,1499440
2002,12,208,2113429
2002,13,1218,2064479
2002,14,5889,2014953
2002,15,18703,1999438
2002,16,43147,2006279
2002,17,76881,1999545
2002,18,118651,1976697
2002,19,168111,2005912
2002,20,191054,2022933
2002,21,202208,2041948
2002,22,211882,2013356
2002,23,208599,1944604
2002,24,208363,1876400
2002,25,211602,1867647
2002,26,209460,1826954
2002,27,213312,1858160
2002,28,211721,1837449
2002,29,214296,1884236
2002,30,215687,1977425
2002,31,215876,2102517
2002,32,197436,2106096
2002,33,172053,2061044
2002,34,150167,2004588
2002,35,129747,2039937
2002,36,108322,2100763
2002,37,89639,2208616
2002,38,71680,2270148
2002,39,54539,2287098
2002,40,38661,2295300
2002,41,26151,2339643
2002,42,16320,2321381
2002,43,9508,2305083
2002,44,5148,2273252
2002,45,2734,2249864
2002,46,1287,2199637
2002,47,636,2168291
2002,48,357,2112019
2002,49,210,2044155
2002,50,106,1977919
2002,51,68,1952813
2002,52,37,1910027
2002,53,35,1880818
2002,54,17,1855576
2002,55,0,1899261
2003,12,4,2115141
2003,13,401,2123550
2003,14,6256,2069878
2003,15,18238,2032308
2003,16,41344,2015842
2003,17,74802,2017651
2003,18,117750,2024695
2003,19,162446,1999507
2003,20,189327,2015054
2003,21,201521,2037289
2003,22,212090,2048510
2003,23,215348,2025788
2003,24,214019,1959368
2003,25,216448,1898898
2003,26,218718,1876265
2003,27,215313,1846008
2003,28,219312,1864250
2003,29,216575,1837002
2003,30,212876,1908168
2003,31,211093,1975376
2003,32,207446,2125224
2003,33,184268,2115042
2003,34,159863,2069221
2003,35,133779,2015820
2003,36,112791,2047203
2003,37,90599,2104635
2003,38,73213,2214659
2003,39,57260,2275664
2003,40,40950,2289432
2003,41,27307,2300430
2003,42,17243,2340164
2003,43,10058,2324960
2003,44,5447,2299534
2003,45,2836,2270661
2003,46,1441,2251666
2003,47,685,2201946
2003,48,360,2165613
2003,49,200,2113631
2003,50,143,2039057
2003,51,92,1982180
2003,52,33,1948474
2003,53,29,1910933
2003,54,26,1882175
2003,55,0,1848009
2004,12,188,2096609
2004,13,1075,2123514
2004,14,5518,2126030
2004,15,18274,2088791
2004,16,41860,2048827
2004,17,73846,2024746
2004,18,117237,2044431
2004,19,164045,2047458
2004,20,185284,2004266
2004,21,199364,2028197
2004,22,212375,2040788
2004,23,215694,2060080
2004,24,221737,2040300
2004,25,219898,1984162
2004,26,221145,1904435
2004,27,223528,1897226
2004,28,219120,1849182
2004,29,220794,1860540
2004,30,211510,1866287
2004,31,202984,1903211
2004,32,196030,2002428
2004,33,187669,2134118
2004,34,167470,2122948
2004,35,140980,2081799
2004,36,113926,2022812
2004,37,91711,2050301
2004,38,72036,2110949
2004,39,56953,2220588
2004,40,41764,2277655
2004,41,27921,2295594
2004,42,17768,2300371
2004,43,10418,2344444
2004,44,5808,2317241
2004,45,2966,2296598
2004,46,1456,2273694
2004,47,750,2255153
2004,48,381,2198508
2004,49,195,2168298
2004,50,177,2107159
2004,51,115,2045714
2004,52,54,1976700
2004,53,22,1950545
2004,54,6,1913664
2004,55,0,1872921
2005,12,170,2073084
2005,13,1094,2103797
2005,14,5458,2123700
2005,15,18249,2147321
2005,16,41064,2106322
2005,17,73878,2056122
2005,18,116476,2054179
2005,19,164926,2067917
2005,20,188119,2048616
2005,21,197451,2016670
2005,22,213060,2029136
2005,23,218107,2052171
2005,24,223651,2075233
2005,25,229401,2068261
2005,26,227524,1987209
2005,27,227126,1927671
2005,28,227015,1898001
2005,29,220530,1842942
2005,30,214203,1896481
2005,31,201963,1858561
2005,32,188536,1935235
2005,33,177576,2011446
2005,34,168413,2142425
2005,35,145441,2137284
2005,36,118432,2089105
2005,37,91932,2025436
2005,38,72099,2057293
2005,39,55252,2117490
2005,40,41037,2222674
2005,41,28655,2285024
2005,42,18139,2295275
2005,43,10860,2305617
2005,44,5976,2334792
2005,45,3084,2314263
2005,46,1551,2301299
2005,47,829,2278609
2005,48,406,2251048
2005,49,249,2202487
2005,50,204,2160621
2005,51,127,2116627
2005,52,58,2039166
2005,53,23,1980081
2005,54,6,1954689
2005,55,0,1902744
2006,12,147,2052000
2006,13,1062,2079187
2006,14,5187,2101915
2006,15,18403,2147195
2006,16,43108,2166099
2006,17,77432,2112038
2006,18,123494,2088526
2006,19,172999,2077860
2006,20,197316,2065095
2006,21,207670,2060017
2006,22,217846,2014369
2006,23,225553,2039820
2006,24,232052,2067638
2006,25,237946,2105944
2006,26,241309,2068183
2006,27,237866,2012967
2006,28,234543,1925270
2006,29,230235,1888269
2006,30,217398,1884327
2006,31,208515,1885115
2006,32,190044,1895026
2006,33,173908,1944225
2006,34,160393,2019676
2006,35,149269,2158560
2006,36,123858,2144582
2006,37,96258,2090965
2006,38,73302,2032880
2006,39,55929,2064226
2006,40,41180,2119515
2006,41,28566,2230916
2006,42,18520,2284368
2006,43,11082,2301516
2006,44,6191,2294217
2006,45,3292,2331688
2006,46,1599,2320525
2006,47,859,2307779
2006,48,450,2273942
2006,49,280,2256374
2006,50,240,2193636
2006,51,152,2172943
2006,52,69,2108964
2006,53,26,2043866
2006,54,7,1985506
2006,55,0,1941810
2007,12,150,2042289
2007,13,925,2056782
2007,14,5120,2075054
2007,15,18449,2127210
2007,16,43267,2166616
2007,17,78850,2169848
2007,18,127034,2147477
2007,19,177299,2111861
2007,20,198274,2070618
2007,21,209615,2074862
2007,22,218601,2053721
2007,23,223573,2023592
2007,24,232291,2055002
2007,25,239750,2100105
2007,26,244322,2102250
2007,27,246806,2095830
2007,28,240831,2005984
2007,29,236699,1911099
2007,30,227033,1935803
2007,31,209792,1869010
2007,32,194219,1926572
2007,33,173435,1903329
2007,34,157452,1952104
2007,35,141483,2036419
2007,36,124783,2165578
2007,37,100401,2145205
2007,38,76070,2098619
2007,39,57177,2039792
2007,40,41098,2065794
2007,41,27958,2128023
2007,42,18565,2229844
2007,43,11250,2291368
2007,44,6308,2288025
2007,45,3380,2290914
2007,46,1746,2339255
2007,47,924,2328415
2007,48,516,2302374
2007,49,273,2280482
2007,50,248,2246170
2007,51,159,2208665
2007,52,72,2164086
2007,53,28,2114999
2007,54,7,2050778
2007,55,0,1970482
2008,12,137,2024892
2008,13,885,2045686
2008,14,4742,2050350
2008,15,17093,2101926
2008,16,41540,2147140
2008,17,77031,2168436
2008,18,125010,2208586
2008,19,174084,2170240
2008,20,195184,2099999
2008,21,201146,2078679
2008,22,214165,2064503
2008,23,218662,2061386
2008,24,223027,2038029
2008,25,232874,2088904
2008,26,238911,2092937
2008,27,243187,2131430
2008,28,244937,2083838
2008,29,235865,1986597
2008,30,225522,1964120
2008,31,213189,1915760
2008,32,190981,1914477
2008,33,173528,1934254
2008,34,153496,1910578
2008,35,135142,1969540
2008,36,117293,2042896
2008,37,99412,2165166
2008,38,78382,2152935
2008,39,58646,2105622
2008,40,41575,2040744
2008,41,28302,2074446
2008,42,18195,2126463
2008,43,11461,2237335
2008,44,6440,2275717
2008,45,3444,2284449
2008,46,1805,2299603
2008,47,961,2348454
2008,48,582,2322183
2008,49,317,2310163
2008,50,267,2268958
2008,51,166,2264061
2008,52,73,2198593
2008,53,28,2171545
2008,54,7,2123635
2008,55,0,2033284
2009,12,117,2017116
2009,13,765,2027861
2009,14,4147,2037036
2009,15,15641,2076463
2009,16,37802,2122961
2009,17,70804,2148073
2009,18,117444,2208076
2009,19,168111,2232225
2009,20,188142,2155107
2009,21,193812,2106541
2009,22,202417,2066964
2009,23,207533,2070705
2009,24,214078,2075343
2009,25,219818,2071443
2009,26,231109,2079317
2009,27,237307,2122325
2009,28,240196,2118585
2009,29,238357,2059937
2009,30,225598,2043635
2009,31,211757,1942591
2009,32,193825,1963079
2009,33,170548,1922173
2009,34,153518,1940855
2009,35,131906,1927314
2009,36,111959,1975920
2009,37,93027,2042081
2009,38,77591,2172543
2009,39,59620,2160093
2009,40,42437,2105522
2009,41,28181,2049229
2009,42,17941,2072454
2009,43,10805,2133682
2009,44,6463,2221037
2009,45,3512,2271633
2009,46,1918,2293716
2009,47,1028,2308654
2009,48,523,2341656
2009,49,339,2330789
2009,50,283,2297061
2009,51,173,2288034
2009,52,76,2252986
2009,53,28,2206217
2009,54,7,2180892
2009,55,0,2104257
2010,12,130,2011175
2010,13,692,2021310
2010,14,3675,2021858
2010,15,13475,2056264
2010,16,33362,2095214
2010,17,62336,2126422
2010,18,104052,2180122
2010,19,154453,2230837
2010,20,177336,2223668
2010,21,182206,2162705
2010,22,192380,2102656
2010,23,195131,2074952
2010,24,204635,2085031
2010,25,213631,2103450
2010,26,220076,2067598
2010,27,228946,2104227
2010,28,235545,2118524
2010,29,235515,2101962
2010,30,228978,2105269
2010,31,213312,2031038
2010,32,193917,1977733
2010,33,174657,1971317
2010,34,151306,1928116
2010,35,133063,1953864
2010,36,109285,1933360
2010,37,88966,1976335
2010,38,73594,2047596
2010,39,59962,2178819
2010,40,43086,2159567
2010,41,28731,2111991
2010,42,18115,2047760
2010,43,11041,2077310
2010,44,6072,2122139
2010,45,3445,2217235
2010,46,1832,2277803
2010,47,974,2298793
2010,48,574,2302606
2010,49,329,2347110
2010,50,283,2318676
2010,51,175,2309312
2010,52,77,2277816
2010,53,29,2256106
2010,54,7,2210869
2010,55,0,2163795
2011,12,100,2023362
2011,13,611,2016571
2011,14,3263,2023078
2011,15,11739,2032038
2011,16,29072,2067919
2011,17,54727,2103146
2011,18,92625,2144975
2011,19,141609,2197177
2011,20,168001,2237087
2011,21,179024,2235335
2011,22,187912,2171824
2011,23,192141,2115746
2011,24,198122,2090516
2011,25,210525,2104941
2011,26,218995,2112469
2011,27,225321,2085160
2011,28,234921,2112759
2011,29,237821,2120650
2011,30,231116,2123627
2011,31,221038,2107695
2011,32,199022,2047283
2011,33,178153,1985243
2011,34,157353,1977392
2011,35,133721,1935770
2011,36,112332,1959132
2011,37,89663,1936191
2011,38,71075,1980238
2011,39,57058,2051437
2011,40,43703,2179625
2011,41,29813,2162296
2011,42,18454,2111708
2011,43,10904,2049100
2011,44,6046,2073402
2011,45,3335,2119916
2011,46,1796,2217659
2011,47,939,2277115
2011,48,600,2294255
2011,49,355,2301306
2011,50,296,2339185
2011,51,176,2318438
2011,52,77,2301330
2011,53,28,2273693
2011,54,7,2252185
2011,55,0,2199500
2012,12,78,2041510
2012,13,574,2028981
2012,14,3020,2022418
2012,15,10908,2029605
2012,16,26278,2039696
2012,17,49237,2077768
2012,18,85310,2115265
2012,19,133655,2158041
2012,20,161023,2210214
2012,21,175345,2250794
2012,22,188718,2250278
2012,23,192051,2187547
2012,24,199674,2131857
2012,25,207026,2106714
2012,26,218069,2120346
2012,27,228245,2126986
2012,28,232543,2098300
2012,29,238017,2124568
2012,30,236700,2131123
2012,31,225582,2132653
2012,32,207568,2115494
2012,33,182531,2054186
2012,34,161035,1991384
2012,35,138905,1982865
2012,36,112927,1940495
2012,37,92268,1963258
2012,38,71833,1939626
2012,39,56385,1982972
2012,40,42150,2053275
2012,41,30303,2180659
2012,42,19306,2162626
2012,43,11420,2111524
2012,44,6400,2048595
2012,45,3405,2072087
2012,46,1874,2117683
2012,47,1004,2214706
2012,48,539,2273432
2012,49,335,2289763
2012,50,297,2296008
2012,51,185,2333058
2012,52,81,2311491
2012,53,30,2293883
2012,54,8,2265695
2012,55,0,2243518
2013,12,71,2035862
2013,13,459,2047245
2013,14,2568,2035011
2013,15,9424,2029189
2013,16,22534,2037636
2013,17,42862,2049766
2013,18,76140,2090145
2013,19,122145,2128339
2013,20,150958,2170715
2013,21,167180,2223869
2013,22,185108,2266012
2013,23,193777,2266429
2013,24,199722,2203950
2013,25,207664,2148134
2013,26,214858,2122310
2013,27,226998,2135205
2013,28,234319,2140481
2013,29,236938,2110461
2013,30,236805,2135786
2013,31,230819,2140516
2013,32,212219,2140681
2013,33,190754,2122625
2013,34,166330,2060490
2013,35,142805,1996821
2013,36,117869,1987780
2013,37,93124,1944790
2013,38,73720,1966983
2013,39,56355,1942580
2013,40,41654,1985036
2013,41,29648,2054532
2013,42,19785,2181204
2013,43,11912,2162449
2013,44,6485,2110976
2013,45,3688,2047340
2013,46,1881,2070027
2013,47,965,2115089
2013,48,580,2211289
2013,49,381,2269123
2013,50,341,2284575
2013,51,207,2289876
2013,52,89,2325967
2013,53,32,2303988
2013,54,8,2285806
2013,55,0,2256926
2014,12,82,2003873
2014,13,383,2042000
2014,14,2304,2053753
2014,15,8085,2042454
2014,16,20158,2037900
2014,17,38548,2048374
2014,18,69374,2062859
2014,19,112913,2103850
2014,20,143204,2141343
2014,21,160815,2184699
2014,22,181129,2239715
2014,23,193271,2282983
2014,24,204148,2283851
2014,25,212005,2221118
2014,26,219988,2164700
2014,27,228580,2138249
2014,28,239826,2149786
2014,29,244993,2153809
2014,30,241074,2122806
2014,31,238920,2146265
2014,32,222959,2149372
2014,33,199920,2148643
2014,34,178185,2129779
2014,35,151303,2066563
2014,36,123849,2002144
2014,37,98576,1992594
2014,38,75810,1949038
2014,39,59210,1970536
2014,40,42276,1945096
2014,41,28977,1986865
2014,42,19609,2055618
2014,43,12130,2181331
2014,44,7029,2162058
2014,45,3706,2109905
2014,46,1938,2045639
2014,47,1063,2067801
2014,48,581,2112011
2014,49,412,2207296
2014,50,378,2264039
2014,51,227,2278501
2014,52,95,2283028
2014,53,34,2318487
2014,54,8,2295995
2014,55,0,2277036
2015,12,63,2007758
2015,13,390,2010466
2015,14,2047,2049055
2015,15,7589,2061835
2015,16,18430,2051662
2015,17,35165,2049153
2015,18,63508,2062106
2015,19,105023,2076931
2015,20,134500,2117243
2015,21,153021,2155519
2015,22,173005,2200831
2015,23,187641,2257177
2015,24,202342,2301006
2015,25,214812,2302002
2015,26,222685,2238750
2015,27,230606,2181847
2015,28,238860,2154062
2015,29,245348,2164136
2015,30,245435,2167161
2015,31,236973,2134269
2015,32,224487,2156228
2015,33,205368,2158507
2015,34,182430,2157053
2015,35,158146,2136866
2015,36,128708,2072530
2015,37,101912,2007343
2015,38,79551,1997406
2015,39,59679,1953160
2015,40,43829,1973672
2015,41,29535,1947615
2015,42,19286,1988631
2015,43,12046,2056266
2015,44,7152,2181346
2015,45,3916,2161241
2015,46,2102,2108440
2015,47,1096,2043680
2015,48,635,2064976
2015,49,422,2108381
2015,50,385,2202488
2015,51,231,2258236
2015,52,96,2271988
2015,53,34,2275843
2015,54,8,2310544
2015,55,0,2287263
2016,12,66,2023888
2016,13,352,2014547
2016,14,1835,2017707
2016,15,6594,2057298
2016,16,16419,2071008
2016,17,31728,2062898
2016,18,58761,2062876
2016,19,96307,2076024
2016,20,123838,2089948
2016,21,143058,2130811
2016,22,163726,2170984
2016,23,179124,2217747
2016,24,194232,2274715
2016,25,210221,2318782
2016,26,224441,2319533
2016,27,231278,2255966
2016,28,239182,2197875
2016,29,244000,2168407
2016,30,246333,2177300
2016,31,241830,2178806
2016,32,225374,2144455
2016,33,209654,2165873
2016,34,187851,2167465
2016,35,163276,2164531
2016,36,134925,2142892
2016,37,105408,2077627
2016,38,81663,2012002
2016,39,62216,2001533
2016,40,44628,1956298
2016,41,30326,1976367
2016,42,19321,1949555
2016,43,11931,1989511
2016,44,6934,2056509
2016,45,3925,2180558
2016,46,2057,2159631
2016,47,1152,2106343
2016,48,685,2040849
2016,49,438,2061372
2016,50,399,2103802
2016,51,243,2196913
2016,52,101,2251961
2016,53,35,2264904
2016,54,8,2267914
2016,55,0,2301501
2017,12,57,2032534
2017,13,305,2030263
2017,14,1555,2021371
2017,15,5592,2025346
2017,16,14369,2065731
2017,17,28586,2081391
2017,18,54213,2075633
2017,19,91617,2075648
2017,20,117220,2087647
2017,21,135192,2101891
2017,22,155108,2144563
2017,23,171231,2186131
2017,24,186029,2233383
2017,25,202113,2290396
2017,26,216638,2334313
2017,27,229693,2335109
2017,28,235353,2270378
2017,29,239780,2210640
2017,30,238707,2179937
2017,31,237464,2187578
2017,32,224446,2187904
2017,33,204297,2152986
2017,34,187003,2173923
2017,35,163197,2174090
2017,36,136080,2169666
2017,37,108654,2147103
2017,38,83197,2081414
2017,39,63668,2015109
2017,40,45257,2003842
2017,41,30918,1958221
2017,42,19905,1977768
2017,43,11931,1950022
2017,44,6802,1989403
2017,45,3906,2055339
2017,46,2238,2178331
2017,47,1268,2156901
2017,48,610,2102969
2017,49,461,2036880
2017,50,433,2056532
2017,51,257,2098187
2017,52,106,2190634
2017,53,36,2244769
2017,54,9,2256679
2017,55,0,2258581
2018,12,54,2037928
2018,13,266,2037969
2018,14,1416,2036137
2018,15,4953,2027975
2018,16,13088,2032542
2018,17,26250,2074745
2018,18,50088,2092476
2018,19,85492,2086530
2018,20,112264,2085255
2018,21,128179,2097594
2018,22,146171,2113444
2018,23,162207,2157399
2018,24,177354,2199264
2018,25,193717,2246315
2018,26,208541,2303177
2018,27,223066,2347076
2018,28,235469,2346782
2018,29,238698,2280513
2018,30,238759,2219627
2018,31,235363,2187842
2018,32,223605,2194513
2018,33,207447,2194384
2018,34,185523,2159013
2018,35,165513,2178721
2018,36,138958,2177507
2018,37,110624,2172333
2018,38,86166,2149386
2018,39,65525,2083010
2018,40,46286,2015967
2018,41,32084,2004412
2018,42,20022,1958454
2018,43,12169,1977253
2018,44,6820,1949033
2018,45,3896,1987431
2018,46,2158,2052393
2018,47,1331,2174727
2018,48,752,2152707
2018,49,479,2098212
2018,50,493,2031519
2018,51,300,2050539
2018,52,118,2091721
2018,53,39,2183275
2018,54,9,2236222
2018,55,0,2246962
2019,12,65,2088731
2019,13,290,2066258
2019,14,1432,2062250
2019,15,4725,2056527
2019,16,11862,2050036
2019,17,24494,2053998
2019,18,47473,2096775
2019,19,83120,2110393
2019,20,108588,2095482
2019,21,125326,2093444
2019,22,142329,2105198
2019,23,155863,2120558
2019,24,172236,2163667
2019,25,187991,2203551
2019,26,202294,2250579
2019,27,216068,2308855
2019,28,231145,2349862
2019,29,240599,2344966
2019,30,238367,2280559
2019,31,234467,2225271
2019,32,221868,2196343
2019,33,206798,2205464
2019,34,187781,2204119
2019,35,163600,2163088
2019,36,139837,2187185
2019,37,113109,2186082
2019,38,88079,2180709
2019,39,67973,2155907
2019,40,47906,2079733
2019,41,32060,2024037
2019,42,21005,2011133
2019,43,12128,1963815
2019,44,7053,1980392
2019,45,3758,1944049
2019,46,2167,1987184
2019,47,1241,2051026
2019,48,809,2175300
2019,49,561,2153660
2019,50,572,2086675
2019,51,330,2028553
2019,52,124,2048088
2019,53,39,2091268
2019,54,9,2181694
2019,55,0,2225956
2020,12,61,2128372
2020,13,300,2140676
2020,14,1404,2109013
2020,15,4711,2096432
2020,16,11418,2093423
2020,17,22458,2083640
2020,18,43068,2086262
2020,19,76388,2121466
2020,20,101769,2118501
2020,21,117994,2101634
2020,22,134781,2096640
2020,23,148341,2106087
2020,24,162710,2119518
2020,25,178367,2159088
2020,26,192114,2199324
2020,27,204932,2249265
2020,28,218940,2303033
2020,29,230049,2336443
2020,30,234502,2336531
2020,31,230845,2284538
2020,32,219261,2235961
2020,33,201221,2212305
2020,34,184155,2219351
2020,35,163299,2208166
2020,36,135327,2177271
2020,37,111452,2202433
2020,38,86999,2201217
2020,39,66982,2192870
2020,40,48048,2149034
2020,41,32355,2096094
2020,42,20686,2037621
2020,43,12559,2023002
2020,44,6922,1971415
2020,45,3777,1972649
2020,46,2092,1946853
2020,47,1119,1988329
2020,48,747,2056863
2020,49,499,2182688
2020,50,525,2136009
2020,51,312,2086783
2020,52,114,2030153
2020,53,36,2054497
2020,54,8,2096761
2020,55,0,2171024
2021,12,70,2097921
2021,13,326,2156098
2021,14,1481,2164024
2021,15,4471,2127995
2021,16,10298,2117051
2021,17,20773,2112828
2021,18,40169,2102881
2021,19,71262,2101744
2021,20,96601,2128398
2021,21,114292,2124578
2021,22,131596,2106711
2021,23,145975,2100831
2021,24,160020,2109559
2021,25,175438,2121627
2021,26,190703,2161643
2021,27,206232,2203189
2021,28,219720,2250628
2021,29,231896,2300327
2021,30,239782,2335989
2021,31,241969,2341900
2021,32,229177,2292903
2021,33,211668,2246553
2021,34,192459,2221273
2021,35,170781,2223026
2021,36,144214,2216856
2021,37,114888,2186036
2021,38,91626,2210790
2021,39,70670,2207835
2021,40,50411,2189534
2021,41,34161,2156973
2021,42,21669,2102302
2021,43,13011,2042709
2021,44,7080,2025867
2021,45,3902,1966336
2021,46,2139,1972628
2021,47,1166,1945660
2021,48,685,1989258
2021,49,470,2058040
2021,50,546,2170490
2021,51,330,2132492
2021,52,121,2083874
2021,53,36,2029456
2021,54,8,2052966
2021,55,0,2086569
2022,12,77,2044217
2022,13,316,2103050
2022,14,1432,2161295
2022,15,4510,2169640
2022,16,10213,2134363
2022,17,20699,2124915
2022,18,39325,2122488
2022,19,69042,2112816
2022,20,92512,2110770
2022,21,111569,2138149
2022,22,130552,2135679
2022,23,144772,2118677
2022,24,159280,2113330
2022,25,174355,2122970
2022,26,188828,2135541
2022,27,204654,2175260
2022,28,217830,2216018
2022,29,227750,2262650
2022,30,234924,2311483
2022,31,239763,2346193
2022,32,233121,2351127
2022,33,215179,2301051
2022,34,195800,2253430
2022,35,172385,2226976
2022,36,146592,2228160
2022,37,120166,2221232
2022,38,93833,2189471
2022,39,73622,2213613
2022,40,52892,2209644
2022,41,36141,2190322
2022,42,23509,2156971
2022,43,13684,2101781
2022,44,7889,2041733
2022,45,4322,2024349
2022,46,2303,1964364
2022,47,1389,1969898
2022,48,795,1942413
2022,49,503,1985286
2022,50,625,2052798
2022,51,409,2164111
2022,52,145,2125789
2022,53,41,2076763
2022,54,9,2021734
2022,55,0,2044024
